	0
R_EX_cm_e	1.467389910648945e-24
R_EX_cmp_e	-9.981698380948157e-09
R_EX_co2_e	0.5498330730272993
R_EX_cobalt2_e	-3.236324628692177e-07
R_DM_4crsol_c	2.997091295563646e-06
R_DM_5drib_c	3.055071030357438e-06
R_DM_aacald_c	5.852780911095176e-09
R_DM_amob_c	1.6978505736779834e-08
R_DM_mththf_c	1.8050394586961343e-05
R_EX_colipa_e	-9.998792456384589e-09
R_DM_oxam_c	0.00011042161876874981
R_EX_glc__D_e	-0.20027885962712824
R_EX_glcn_e	-9.94019193146794e-09
R_BIOMASS_Ec_iJO1366_WT_53p95M	0.01348469637017126
R_EX_glcr_e	-9.947300720636412e-09
R_EX_colipap_e	-9.996440981721892e-09
R_EX_glcur_e	-9.96016895901326e-09
R_EX_glcur1p_e	-9.968669212011722e-09
R_BIOMASS_Ec_iJO1366_core_53p95M	-9.997433122371602e-09
R_EX_12ppd__R_e	6.978569335257871e-08
R_EX_gln__L_e	-9.956907282562342e-09
R_EX_cpgn_e	6.309752159183091e-09
R_EX_glu__L_e	-9.932391387484491e-09
R_EX_gly_e	-8.648509390899633e-09
R_EX_glyald_e	-9.852176567557041e-09
R_EX_glyb_e	1.9735947378218768e-08
R_EX_glyc_e	-9.860805861478954e-09
R_EX_12ppd__S_e	-9.853640634318125e-09
R_EX_14glucan_e	-9.995304798672177e-09
R_EX_cpgn_un_e	-6.309752159185206e-09
R_EX_15dap_e	-9.821661039986015e-09
R_EX_glyc__R_e	-9.479757165705125e-09
R_EX_glyc2p_e	-9.944581447881938e-09
R_EX_23camp_e	-9.98750967714043e-09
R_EX_23ccmp_e	-9.983437789478924e-09
R_EX_23cgmp_e	-9.987469100519045e-09
R_EX_23cump_e	-9.981485060975218e-09
R_EX_23dappa_e	-9.936503336485958e-09
R_EX_26dap__M_e	-9.96938623663562e-09
R_EX_glyc3p_e	-9.912606761313141e-09
R_EX_glyclt_e	2.5948767931929015e-06
R_EX_gmp_e	-9.986496410603943e-09
R_EX_gsn_e	-9.985156106705543e-09
R_EX_gthox_e	-9.99205128818836e-09
R_EX_gthrd_e	-9.982184609053405e-09
R_EX_gtp_e	-9.789764336534888e-09
R_EX_gua_e	-9.97109163136898e-09
R_EX_h_e	0.17240538783970663
R_EX_h2_e	2.406943158404952e-08
R_EX_h2o_e	0.9216737468677947
R_EX_h2o2_e	2.9779366627850767e-08
R_EX_h2s_e	3.7248899185590907e-07
R_EX_hacolipa_e	-9.99785082382119e-09
R_EX_halipa_e	-9.973154535412284e-09
R_EX_hdca_e	-9.985924611796651e-09
R_EX_hdcea_e	-9.986568929114159e-09
R_EX_hg2_e	7.604676063587007e-17
R_EX_his__L_e	-9.961762607255326e-09
R_EX_2ddglcn_e	-9.955069191739086e-09
R_EX_34dhpac_e	9.897316807221379e-09
R_EX_3amp_e	-9.986381022951066e-09
R_EX_3cmp_e	-9.981397127609483e-09
R_EX_3gmp_e	-9.986332789246149e-09
R_EX_3hcinnm_e	-9.9798701733886e-09
R_EX_3hpp_e	3.4105641264489365e-05
R_EX_3hpppn_e	-9.979358247692717e-09
R_EX_hom__L_e	-9.775323977408856e-09
R_EX_hxa_e	-9.94249946547916e-09
R_EX_hxan_e	-9.9698413647048e-09
R_EX_idon__L_e	-9.936527064587241e-09
R_EX_3ump_e	-9.978899798735083e-09
R_EX_4abut_e	-9.930980158097977e-09
R_EX_4hoxpacd_e	9.897316744309664e-09
R_EX_5dglcn_e	-9.93474218118078e-09
R_EX_5mtr_e	9.093080570522408e-05
R_EX_LalaDglu_e	-9.974799563308563e-09
R_EX_ile__L_e	-9.963636104697205e-09
R_EX_imp_e	-9.985283353025324e-09
R_EX_indole_e	-9.978578587937797e-09
R_EX_inost_e	1.9890612366023604e-08
R_EX_ins_e	-9.983678045123067e-09
R_EX_isetac_e	-9.884343988343771e-09
R_EX_k_e	-0.002503971317548175
R_EX_LalaDgluMdap_e	-9.986515270370971e-09
R_EX_LalaDgluMdapDala_e	-9.989378597009437e-09
R_EX_LalaLglu_e	-9.97480489905301e-09
R_EX_kdo2lipid4_e	-9.801619730588072e-09
R_EX_ac_e	3.6065934277582077e-07
R_EX_crn_e	-4.849344437916795e-11
R_EX_acac_e	-9.910951206983009e-09
R_EX_acald_e	-9.627868866034647e-09
R_EX_lac__D_e	-9.607711927482526e-09
R_EX_lac__L_e	-9.589166253456184e-09
R_EX_crn__D_e	4.8493487391639875e-11
R_EX_lcts_e	-9.982757358689776e-09
R_EX_acgal_e	1.9783229850799712e-08
R_EX_acgal1p_e	-9.798006697804856e-09
R_EX_acgam_e	-9.972768020660004e-09
R_EX_leu__L_e	-9.949243186983727e-09
R_EX_csn_e	-9.960281785276298e-09
R_EX_acgam1p_e	-9.977043407458497e-09
R_EX_acmana_e	-9.973122226333909e-09
R_EX_acmum_e	-9.982358237535633e-09
R_EX_lipa_e	9.69383289645274e-09
R_EX_cu_e	3.9877827706647e-08
R_EX_lipa_cold_e	-9.990698239024837e-09
R_EX_acnam_e	-9.982289346804007e-09
R_EX_acolipa_e	-9.975956624546316e-09
R_EX_cu2_e	-9.128556092937364e-06
R_EX_acser_e	-9.722571366444951e-09
R_EX_ade_e	-9.973987230184186e-09
R_EX_adn_e	-9.985212959969016e-09
R_EX_adocbl_e	-9.98583916717303e-09
R_EX_ag_e	1.0950262740197922e-22
R_EX_lipoate_e	-9.986224250285156e-09
R_EX_lys__L_e	-9.965836129357224e-09
R_EX_lyx__L_e	-9.969531646124882e-09
R_EX_mal__D_e	-9.918218056265977e-09
R_EX_agm_e	-9.968739061186786e-09
R_EX_akg_e	-9.902627782720356e-09
R_EX_cyan_e	-9.32496399398394e-09
R_EX_ala_B_e	-9.900489581107921e-09
R_EX_ala__D_e	-9.868539767736415e-09
R_EX_ala__L_e	-9.845145455289893e-09
R_EX_alaala_e	-9.961373107007167e-09
R_EX_all__D_e	-9.962524034810865e-09
R_EX_alltn_e	-9.939249616858982e-09
R_EX_amp_e	-9.986543501398698e-09
R_EX_anhgm_e	-9.989434299733317e-09
R_EX_arab__L_e	-9.94592876369872e-09
R_EX_mal__L_e	-9.761604621872809e-09
R_EX_malt_e	-9.985602803824202e-09
R_EX_malthx_e	-9.995173074894425e-09
R_EX_maltpt_e	-9.994250622958508e-09
R_EX_malttr_e	-9.990502775209442e-09
R_EX_maltttr_e	-9.992899924115993e-09
R_EX_man_e	-9.960207931300352e-09
R_EX_cynt_e	-9.806338120875963e-09
R_EX_man6p_e	-9.963816915147876e-09
R_EX_manglyc_e	-9.975523925264652e-09
R_EX_melib_e	-9.981630669122801e-09
R_EX_cys__D_e	-9.9599299584073e-09
R_EX_meoh_e	1.6978505737164228e-08
R_EX_met__D_e	-1.3794417532236446e-17
R_EX_arbt_e	7.119583158130205e-21
R_EX_arbtn_e	-5.4828141645263194e-09
R_EX_arbtn_fe3_e	5.482814164524419e-09
R_EX_met__L_e	-9.97069075152486e-09
R_EX_cys__L_e	-9.937574367601279e-09
R_EX_metsox_R__L_e	-9.971274097744791e-09
R_EX_metsox_S__L_e	-9.97112227427234e-09
R_EX_mg2_e	-0.000111289112415387
R_EX_mincyc_e	4.3804504999351273e-17
R_EX_minohp_e	-9.932380668532122e-09
R_EX_mmet_e	-9.977199690884043e-09
R_EX_arg__L_e	-9.97131201327724e-09
R_EX_ascb__L_e	-9.971399160227615e-09
R_EX_asn__L_e	-9.921199063998872e-09
R_EX_aso3_e	-2.3934784101888538e-23
R_EX_asp__L_e	-9.87092869750859e-09
R_EX_btn_e	-9.990866929826082e-09
R_EX_but_e	-9.90803686190299e-09
R_EX_mn2_e	-8.872923303447198e-06
R_EX_mnl_e	-9.959417821254731e-09
R_EX_mobd_e	-1.8474021129558666e-06
R_EX_mso3_e	-9.837885021859543e-09
R_EX_n2o_e	-9.87912095620325e-09
R_EX_na1_e	7.195775590637867e-18
R_EX_nac_e	-9.965825782130747e-09
R_EX_nh4_e	-0.14186399216719925
R_EX_butso3_e	-9.961310894063411e-09
R_EX_ca2_e	-6.677616438848661e-05
R_EX_cbi_e	-2.063438087586948e-20
R_EX_cytd_e	-9.97915253531494e-09
R_EX_cbl1_e	-2.997101451381123e-06
R_EX_cd2_e	7.848162699435517e-18
R_EX_cgly_e	-9.966636656062319e-09
R_EX_ni2_e	-4.139798556453489e-06
R_EX_nmn_e	-9.985154836334146e-09
R_EX_no_e	-9.786331007339112e-09
R_EX_no2_e	2.142104718640211e-09
R_EX_no3_e	-9.884978431811333e-09
R_EX_novbcn_e	9.855636322328646e-19
R_EX_o16a4colipa_e	1.1362236850821415e-14
R_EX_o2_e	-0.5845365545441906
R_EX_o2s_e	-1.4631115945678274e-17
R_EX_ocdca_e	-9.987650806891559e-09
R_EX_ocdcea_e	-9.988106057589006e-09
R_EX_octa_e	-9.968248404529962e-09
R_EX_orn_e	-9.957824776597463e-09
R_EX_orot_e	-9.941767856220797e-09
R_EX_pacald_e	-9.98140961438356e-09
R_EX_peamn_e	-9.984733018279961e-09
R_EX_phe__L_e	-9.980189202349452e-09
R_EX_pheme_e	-9.982311436759605e-09
R_EX_chol_e	-9.769243171561292e-09
R_EX_chtbs_e	-9.98838803531078e-09
R_EX_cit_e	-9.90867019582627e-09
R_EX_cl_e	-6.67761643884311e-05
R_EX_pi_e	-0.012501445780858858
R_EX_dad_2_e	-9.986577286800288e-09
R_EX_pnto__R_e	-9.966891594590554e-09
R_EX_ppa_e	-9.893167343134054e-09
R_EX_damp_e	-9.987683306436324e-09
R_EX_ppal_e	-9.91950181359061e-09
R_EX_dca_e	-9.975712126725554e-09
R_EX_pppn_e	-9.982453962193768e-09
R_EX_ppt_e	-9.752564194204198e-09
R_EX_dcmp_e	-9.9833552359026e-09
R_EX_pro__L_e	-9.950011605072761e-09
R_EX_dcyt_e	-9.98127394189356e-09
R_EX_progly_e	-9.975861133817676e-09
R_EX_psclys_e	-9.985267967543521e-09
R_EX_ddca_e	-9.980713884789222e-09
R_EX_pser__L_e	-9.903619005061076e-09
R_EX_ptrc_e	-9.957405333972814e-09
R_EX_dgmp_e	-9.986801418858732e-09
R_EX_dgsn_e	-9.985523658010568e-09
R_EX_val__L_e	-9.945265613874263e-09
R_EX_xan_e	-9.96439862718178e-09
R_EX_dha_e	-9.839083798116389e-09
R_EX_xmp_e	-9.983953607252555e-09
R_EX_dimp_e	-9.98655577230721e-09
R_EX_din_e	-9.985227768394744e-09
R_EX_xtsn_e	-9.982027353148341e-09
R_EX_pydam_e	-9.978141144857328e-09
R_EX_xyl__D_e	-9.958331847967083e-09
R_EX_xylu__L_e	-9.964090372604845e-09
R_EX_zn2_e	-4.3690382146496446e-06
R_12DGR120tipp	0.0008842940015502453
R_12DGR140tipp	0.0008977019141353011
R_12DGR141tipp	0.0008466612012696618
R_12DGR160tipp	0.0008667330559256496
R_12DGR161tipp	0.0007755584110715438
R_12DGR180tipp	0.0008363582474045807
R_EX_pydx_e	-9.97628688979521e-09
R_EX_pydxn_e	-9.97880748181145e-09
R_EX_pyr_e	-9.538366007252973e-09
R_EX_quin_e	-9.960532081538466e-09
R_EX_r5p_e	-9.959637453331643e-09
R_EX_rfamp_e	9.855636322328646e-19
R_EX_rib__D_e	-9.946851591414059e-09
R_EX_rmn_e	-9.964561499529441e-09
R_EX_sbt__D_e	-9.957963166000568e-09
R_EX_sel_e	-8.596118814611794e-09
R_EX_ser__D_e	-9.90450094790419e-09
R_EX_ser__L_e	-9.783854066916786e-09
R_EX_skm_e	-9.970119124361185e-09
R_12DGR181tipp	0.0007059576776992318
R_12PPDRtex	-6.978569344617824e-08
R_12PPDRtpp	-6.978569334903373e-08
R_EX_dms_e	9.714541339036697e-09
R_12PPDStex	9.853640570156585e-09
R_12PPDStpp	9.853640639545524e-09
R_14GLUCANabcpp	1.5157530263203367e-08
R_EX_slnt_e	8.596118883618956e-09
R_EX_so2_e	3.036667109962349e-17
R_EX_so3_e	9.324964016209973e-09
R_EX_dmso_e	-9.714541340979857e-09
R_EX_so4_e	-0.0033980694397717053
R_EX_spmd_e	-9.986615356153846e-09
R_EX_succ_e	-9.81815729674837e-09
R_14GLUCANtexi	9.995304798670214e-09
R_23CAMPtex	9.987509708153652e-09
R_23CCMPtex	9.983437854188537e-09
R_EX_sucr_e	-9.983377047604036e-09
R_EX_sulfac_e	-9.701899919819746e-09
R_23CGMPtex	9.987469073990951e-09
R_EX_tartr__D_e	-9.900270723779488e-09
R_23CUMPtex	9.981485193932826e-09
R_EX_dopa_e	-9.8973168347522e-09
R_23DAPPAt2pp	9.936503299663141e-09
R_23DAPPAtex	9.936503397867114e-09
R_23PDE2pp	9.9814850604718e-09
R_23PDE4pp	9.983437789441688e-09
R_EX_tartr__L_e	-9.825221110692054e-09
R_EX_taur_e	-5.852780990310939e-09
R_EX_tcynt_e	9.324964016209687e-09
R_23PDE7pp	9.987509677096713e-09
R_23PDE9pp	9.987469100477638e-09
R_EX_doxrbcn_e	1.7677118470568525e-24
R_26DAHtex	9.969386205455066e-09
R_2AGPA120tipp	0.0004535286895598558
R_EX_thm_e	-9.993765703579242e-09
R_EX_thr__L_e	-9.930753305766604e-09
R_EX_dtmp_e	-9.981995992507544e-09
R_EX_thrp_e	-9.950917815566976e-09
R_2AGPA140tipp	0.0004410216657861544
R_2AGPA141tipp	0.000487943977697251
R_EX_thym_e	-9.832579546087677e-09
R_EX_dump_e	-9.981867377622136e-09
R_EX_thymd_e	-9.979537460925949e-09
R_2AGPA160tipp	0.0004017194553045829
R_2AGPA161tipp	0.000504632279193296
R_EX_tma_e	9.739825859986985e-09
R_EX_duri_e	-9.97937132273731e-09
R_EX_tmao_e	-9.739825889590753e-09
R_EX_tre_e	-9.981600046543899e-09
R_EX_trp__L_e	-9.983359447178477e-09
R_2AGPA180tipp	0.0004972357442388681
R_2AGPA181tipp	0.0005823915205474079
R_2AGPE120tipp	0.0011814285227090139
R_2AGPE140tipp	0.0011667169139327079
R_2AGPE141tipp	0.0012183531726711267
R_2AGPE160tipp	0.0009085659499350019
R_EX_tsul_e	-9.324964083673024e-09
R_EX_eca4colipa_e	-7.772097761308642e-12
R_EX_ttdca_e	-9.983751696791961e-09
R_2AGPE161tipp	0.0010762154698946412
R_2AGPE180tipp	0.0012275891854503771
R_2AGPE181tipp	0.0012093720656949113
R_2AGPEAT120	4.425014137398959e-06
R_EX_ttdcea_e	-9.984557928324971e-09
R_EX_enlipa_e	-9.721580623149789e-09
R_2AGPEAT140	4.068771804239189e-06
R_2AGPEAT141	5.718853176029456e-06
R_2AGPEAT160	6.835404345735251e-06
R_EX_ttrcyc_e	4.3804504999351273e-17
R_EX_enter_e	-9.993947970854238e-09
R_2AGPEAT161	1.1642116077241397e-05
R_EX_etha_e	-9.773491146422213e-09
R_2AGPEAT180	6.135433331548838e-06
R_2AGPEAT181	1.8413870746856066e-05
R_EX_tungs_e	2.087984598706559e-17
R_EX_tym_e	-9.897316834780744e-09
R_2AGPG120tipp	0.0005361058087331139
R_EX_ethso3_e	-9.87971325805059e-09
R_2AGPG140tipp	0.000521489511671131
R_2AGPG141tipp	0.0005766555486461639
R_2AGPG160tipp	0.00046543957482896974
R_2AGPG161tipp	0.0005885996803622262
R_EX_tyr__L_e	-9.97872138530925e-09
R_EX_tyrp_e	-9.981138113687203e-09
R_EX_uacgam_e	-9.990651394694389e-09
R_EX_udpacgal_e	-9.985223066485685e-09
R_EX_udpg_e	-9.988716928079266e-09
R_2AGPG180tipp	0.0005876648510452806
R_2AGPG181tipp	0.0006899271086431301
R_2AGPGAT120	1.9793592807953132e-05
R_EX_udpgal_e	-9.989250762252427e-09
R_EX_etoh_e	-9.676383100833134e-09
R_EX_udpglcur_e	-9.989500989910417e-09
R_2AGPGAT140	1.8493953266339313e-05
R_2AGPGAT141	2.444728315192842e-05
R_2AGPGAT160	2.5860313099584016e-05
R_2AGPGAT161	4.1463204535845596e-05
R_EX_ump_e	-9.979055682850523e-09
R_2AGPGAT180	2.5906984776802915e-05
R_EX_f6p_e	-9.963816915207618e-09
R_2AGPGAT181	6.299980424419465e-05
R_EX_ura_e	-9.924994401064662e-09
R_2DGULRGx	3.64452074010485e-08
R_EX_urea_e	4.146621893530793e-05
R_2DGULRGy	-4.1402397433965035e-09
R_EX_fald_e	-8.8517338166131e-09
R_2DGULRx	-4.307914640443908e-09
R_2DGULRy	-8.429989252404929e-09
R_EX_uri_e	-9.975968255812537e-09
R_2MAHMP	0.002009675225274923
R_34dhpactex	-9.897316743945339e-09
R_EX_fe2_e	-0.04783418065281173
R_3AMACHYD	3.410564126448937e-05
R_3AMPtex	9.986381055426818e-09
R_3CMPtex	9.981397264269276e-09
R_3GMPtex	9.986332649702945e-09
R_EX_fe3_e	0.04762481591899327
R_3HAD100	0.009585766867623734
R_EX_fe3dcit_e	-9.974705010613834e-09
R_3HAD120	0.0031803016797006447
R_5DOAN	3.0550710303574355e-06
R_EX_fe3dhbzs_e	-9.98400599315352e-09
R_5MTRtex	-9.093080570510281e-05
R_5MTRtpp	9.093080570522408e-05
R_3HAD121	0.009537995170630338
R_3HAD140	0.0023215225908865687
R_A5PISO	0.00032956141995466037
R_EX_fe3hox_e	5.4140819208453015e-09
R_AACPS1	0.012024558974331865
R_AACPS2	0.011049447501061242
R_3HAD141	0.009537995170630338
R_EX_fe3hox_un_e	-5.414081920634724e-09
R_AACPS3	0.011854219610492527
R_AACPS4	0.010295041993555864
R_AACPS5	0.009976797033635106
R_3HAD160	0.00243527249558872
R_AACPS6	0.010886963689566709
R_EX_fecrm_e	5.414081920735099e-09
R_AACPS7	0.011707308590842536
R_3HAD161	0.008018281758648096
R_AACPS8	0.0032909898144283
R_EX_fecrm_un_e	-5.414081920659398e-09
R_AACPS9	0.005652323116085772
R_3HAD180	0.0017855087010083528
R_3HAD181	0.004491765768738876
R_AACTOOR	0.01612822169636093
R_AADDGT	-3.111741655956756e-11
R_AAMYL	1.5157530263201957e-08
R_AAMYLpp	-5.162225464534714e-09
R_AB6PGH	-8.690720685633657e-21
R_ABTA	0.022392863934898723
R_ABUTD	0.004295959030244242
R_3HAD40	0.004025716263531791
R_3HAD60	0.0040257162635317445
R_3HAD80	0.004025716263531783
R_3HCINNMH	9.979870202333505e-09
R_3HPPPNH	9.979358223022972e-09
R_ABUTt2pp	0.01292574644332917
R_EX_feenter_e	-9.993921660476366e-09
R_ABUTtex	9.930980038319603e-09
R_3HPPtex	-3.410564126449245e-05
R_3HPPtpp	3.4105641264489365e-05
R_ACACCT	9.910951119047119e-09
R_ACACT1r	0.000196926372571897
R_3KGK	-1.2678399231999536e-18
R_ACACT2r	0.0001969561528706934
R_EX_feoxam_e	5.328162652754827e-09
R_ACACT3r	0.0001969660953701144
R_ACACT4r	-0.005363105008338295
R_3NTD2pp	1.9960384966732075e-08
R_3NTD4pp	1.9964834981761737e-08
R_EX_feoxam_un_e	-5.328162651368311e-09
R_ACACT5r	-0.008495625015333484
R_EX_for_e	0.100048641201687
R_ACACT6r	-0.00818607499318122
R_3NTD7pp	1.9973890731062436e-08
R_3NTD9pp	1.997380186319705e-08
R_EX_fru_e	-9.965191834948727e-09
R_3OAR100	0.00958576686762369
R_ACACT7r	-0.006889945323184099
R_EX_frulys_e	-9.985267967547457e-09
R_ACACT8r	0.005621587599808089
R_ACACt2pp	9.91095111839077e-09
R_ACACtex	9.910951170866156e-09
R_3OAR120	0.0031803016797007366
R_3OAR121	0.009537995170630338
R_3OAR140	0.0027608978419727537
R_ACALD	0.07195899727502911
R_3OAR141	0.009537995170630338
R_EX_fruur_e	-9.960168959066978e-09
R_3OAR160	0.002435272495588725
R_ACALDtex	9.627868724493283e-09
R_EX_fuc__L_e	-9.959698513034232e-09
R_3OAR161	0.008018281758648096
R_EX_fum_e	-9.912239185433606e-09
R_ACALDtpp	9.62786886327116e-09
R_3OAR180	0.0017855087010084647
R_EX_fusa_e	4.3804504999351273e-17
R_ACANTHAT	1.9038917564018278e-20
R_3OAR181	0.004491765768738877
R_ACBIPGT	5.673901594649834e-20
R_EX_g1p_e	-9.960570539157706e-09
R_ACCOAC	0.06536191990584672
R_3OAR40	0.0040257162635317645
R_EX_g3pc_e	-9.966703578088727e-09
R_3OAR60	0.0040257162635318755
R_ACCOAL	0.04403218997288924
R_ACGAL1PPpp	1.9783229844306986e-08
R_3OAR80	0.0040257162635317645
R_EX_g3pe_e	-9.960986902038706e-09
R_ACGAL1Ptex	9.798006628258804e-09
R_ACGALtex	-1.978322972107094e-08
R_ACGAM1PPpp	1.996769474247026e-08
R_3OAS100	0.009585766867623725
R_ACGAM1Ptex	9.977043413655906e-09
R_ACGAMK	0.006774648131097159
R_ACGAMT	-3.111911669003179e-11
R_3OAS120	0.00318030167970069
R_3OAS121	0.009537995170630338
R_3OAS140	0.002760897841972724
R_ACGAptspp	2.994046282960717e-08
R_EX_g3pg_e	-9.965842967953085e-09
R_ACGAtex	9.972767944788075e-09
R_ACGK	0.01199670111664956
R_ACGS	0.01199670111664956
R_3OAS141	0.009537995170630338
R_3OAS160	0.002435272495588708
R_3OAS161	0.008018281758648096
R_ACHBS	0.0038067978252971377
R_EX_g3pi_e	-9.958231616646338e-09
R_3OAS180	0.0017855087010083704
R_ACKr	-0.0005791897629745524
R_EX_g3ps_e	-9.970774926079833e-09
R_ACLS	0.011455723383076332
R_ACM6PH	0.00677464812506742
R_ACMAMUT	-3.1118671785213404e-11
R_3OAS181	0.004491765768738877
R_EX_g6p_e	-9.963739738113876e-09
R_3OAS60	0.004025716263531791
R_ACMANAptspp	9.973122183308478e-09
R_EX_gal_e	-9.957032391767998e-09
R_ACMANAtex	9.97312210593293e-09
R_ACMUMptspp	9.982358237501126e-09
R_3OAS80	0.0040257162635317445
R_3OXCOAT	1.9966142730854484e-08
R_ACMUMtex	9.98235823751838e-09
R_EX_gal_bD_e	-9.96640563285004e-09
R_ACNAMt2pp	9.982289388940082e-09
R_3PEPTabcpp	0.0002727644421472564
R_3PEPTtex	9.986515392412798e-09
R_3UMPtex	9.978899928597684e-09
R_EX_gal1p_e	-9.966351870605456e-09
R_42A12BOOXpp	9.897316806203748e-09
R_ACNAMtex	9.98228921744726e-09
R_ACNML	9.982289387933988e-09
R_ACOAD1f	-0.00019693628352301235
R_4HOXPACDtex	-9.897316743945339e-09
R_4HTHRS	6.369558543510968e-21
R_ACOAD2f	-0.000196956152870683
R_EX_galct__D_e	-9.94724193177462e-09
R_ACOAD3f	-0.0001969660953701144
R_ACOAD4f	0.0053631050083382936
R_4PCP	0.0009072195152530709
R_4PCPpp	0.00017154724506419144
R_ACOAD5f	0.008495625015333491
R_4PEPTabcpp	0.00029655607239394724
R_EX_galctn__D_e	-9.964114169542102e-09
R_4PEPTtex	9.989378657593306e-09
R_5DGLCNR	-1.2433698209912691e-08
R_ACOAD6f	0.006666351596641019
R_ACOAD7f	0.004635661985249905
R_ACOAD8f	0.0017855186886591538
R_ACOATA	0.00044519362869810397
R_5DGLCNt2rpp	9.934742247613704e-09
R_5DGLCNtex	9.934742140060848e-09
R_ACODA	0.009663591010489676
R_EX_galctn__L_e	-9.970778326081404e-09
R_ACOLIPAabctex	-9.968203464354373e-09
R_ACONIs	0.0
R_EX_galt_e	-9.968252814469235e-09
R_ACONMT	2.451235299495749e-20
R_ACONTa	0.16362148059835313
R_ACONTb	0.16362148059835313
R_ACOTA	-0.009663591010489692
R_ACPPAT120	0.009182012744350293
R_AGM4PCPpp	0.0007934040432927408
R_AGM4PH	0.001819702428818403
R_AGM4Pt2pp	0.003083016726163409
R_AGMH	0.0029905823172629567
R_ACPPAT140	0.009046577158188266
R_EX_galur_e	-9.958768507556828e-09
R_ACPPAT141	0.009502453014512571
R_ACPPAT160	0.009289654370075232
R_AGMHE	0.0004394951776464181
R_AGMT	4.1466218935354545e-05
R_ACPPAT161	0.010065261785151582
R_AGMt2pp	0.0005693105280817164
R_EX_gam_e	-9.964822605538982e-09
R_AGMtex	9.96873894543171e-09
R_ACPPAT180	0.009587947880429208
R_ACPPAT181	0.010357679313762047
R_ACPS1	2.4711557258238205e-20
R_AGPAT120	0.0024371388211035195
R_AGPAT140	0.0023716851748968796
R_EX_gam6p_e	-9.967677412140328e-09
R_ACS	0.030534227287231572
R_ACSERtex	9.722571414627623e-09
R_AGPAT141	0.0026274726317273562
R_EX_gbbtn_e	-1.4784499977166307e-17
R_ACSERtpp	-9.72257136643679e-09
R_AGPAT160	0.002765579448779395
R_EX_gdp_e	9.789764373491495e-09
R_AGPAT161	0.003203747816584649
R_AGPAT180	0.002681378223318537
R_AGPAT181	0.0035423863353021847
R_AGPR	-0.011996701116649577
R_ACt2rpp	-0.02673348923508899
R_ACt4pp	0.026733128575746116
R_ACtex	-3.6065934283513457e-07
R_ADA	0.00019892391517998336
R_ADCL	1.202834247389429e-05
R_AGt3	1.0960750132910162e-22
R_AHCYSNS	1.8050394586961353e-05
R_ADCS	1.2028342473894308e-05
R_AICART	0.007215516125725685
R_AMALT3	-8.718934638471096e-09
R_AIRC2	0.005974179825572579
R_AIRC3	-0.005974179825572579
R_AKGDH	0.06731581840300283
R_AKGt2rpp	9.902627828850541e-09
R_AKGtex	9.902627828850541e-09
R_ALAALAD	1.7306782041243653e-05
R_ALAALAabcpp	0.0006089161133729702
R_ADD	7.871552989799967e-05
R_ADEt2rpp	9.973987080691415e-09
R_ADEtex	9.973987191713718e-09
R_ADK1	0.11972605825001026
R_ADK3	0.07362843375337069
R_ADK4	-0.0003307332701891763
R_ADMDC	9.093080570522414e-05
R_ADNCYC	0.0006713902409772105
R_ADNK1	0.017102790140759872
R_ALAALAr	0.006554886015934569
R_ALAALAtex	9.961373059752532e-09
R_ALAGLUE	0.00267926127891642
R_ALAR	0.04917017599089586
R_ADNUC	0.00022571064956692123
R_ADNt2pp_copy1	0.021778948430503126
R_ADNt2pp_copy2	-0.021778908484855926
R_ADNtex	9.985212962027035e-09
R_ADOCBIK	8.022858200165333e-20
R_ADOCBLS	1.1566340920497323e-20
R_ALATA_D2	0.04884241183913169
R_ALATA_L	-0.07878591139279137
R_ALATA_L2	0.07761531137030485
R_ALATRS	2.7662781276948417e-21
R_ALAabcpp	0.00032241046014683684
R_ALAt2pp_copy1	0.12367991338031463
R_ADOCBLabcpp	9.985839167129041e-09
R_ADOCBLtonex	9.985839167151087e-09
R_ALAt2pp_copy2	-0.12744081457146783
R_AMALT4	-8.718934591616876e-09
R_ALAt4pp	0.0034385005761518985
R_ALAtex	9.845145587661364e-09
R_ALCD19	9.852176630076315e-09
R_ALCD2x	9.67638313920105e-09
R_ADPRDP	0.00021382498264820236
R_ADPT	0.004049425949990326
R_ADSK	0.003342421753562503
R_ADSL1r	0.005324529936177824
R_ADSL2r	0.005974179825572579
R_ADSS	0.005324529936177852
R_AGDC	0.013549356140426955
R_ALDD19xr	1.9966142732197323e-08
R_ALDD2x	7.438411762022214e-05
R_AMANAPEr	1.9955411571445647e-08
R_ALDD2y	0.00025356488420792613
R_ALDD3y	9.919501891815257e-09
R_ALDD4	9.961310856718468e-09
R_AGM3PA	0.00161276260310275
R_AGM3PApp	0.00010120721056773748
R_AGM3PH	0.0019643533966278224
R_AGM3Pt2pp	0.0031223108884640568
R_AGM4PA	0.0008085091860784904
R_ALLK	9.962524016255325e-09
R_ALLPI	9.962524014084373e-09
R_ALLTAMH	0.00011045181133472917
R_ALLTN	0.00011045181133472918
R_ALLTNt2rpp	9.939249575284526e-09
R_AGM4PApp	0.00046809332807964705
R_AGM4PCP	0.00045480511126651566
R_ALLTNtex	9.939249645540826e-09
R_AMANK	9.98228938742826e-09
R_ALLULPE	9.962524015819096e-09
R_AMAOTr	1.69785057402283e-08
R_ALLabcpp	9.962524015858024e-09
R_ALLtex	9.962524138984463e-09
R_AMMQLT8	3.007087290505458e-06
R_ALPATE160pp	2.5887568033383494e-09
R_ASCBptspp	9.971399231018421e-09
R_ASCBtex	9.971399039798712e-09
R_ALPATG160pp	-2.5887568032936002e-09
R_AMPMS2	2.9970912955642323e-06
R_ALR2	7.942336427946327e-08
R_ALR4x	7.942336427946074e-08
R_ASNN	0.001702236901289248
R_ASNNpp	1.602399165258686e-06
R_AMPN	0.007940926084236301
R_ASNS1	0.0002442817893911004
R_ALTRH	1.9929546953663925e-08
R_AM3PA	0.0024553121182643617
R_ASNS2	0.00461809258011103
R_AMPTASECG	0.0005952086889546883
R_AM4PA	0.0013287437071818637
R_ASNTRS	3.71250173674726e-21
R_AM4PCP	0.0004909587216365393
R_AMALT1	8.61105378792578e-08
R_ASNabcpp	0.0005254595983612278
R_ASNt2rpp	-0.0005270520763273993
R_ASNtex	9.92119919551726e-09
R_AMALT2	-8.718934661895888e-09
R_ASO3t8pp	1.8847517331952815e-21
R_AMPTASEPG	9.975861066783826e-09
R_ASO3tex	0.0
R_ASP1DC	7.747311969768128e-06
R_AMPtex	9.986543370033019e-09
R_ASPCT	0.004353344881734411
R_ANHGMtex	9.989434168744538e-09
R_ASPK	0.014147631674180428
R_ASPO3	1.8792396584060337e-06
R_ANHMK	0.0067746381427091825
R_ASPO4	3.091336778864343e-07
R_ASPO5	2.110135412476637e-06
R_ANPRT	0.0007447931890876909
R_ASPO6	2.6413140523819997e-05
R_ANS	0.0007447931890876909
R_AOBUTDs	0.01612822169636093
R_AOXSr2	1.6978505739562546e-08
R_ASPT	0.004819944244673366
R_CAT	0.0
R_ASPTA	-0.04494839522393701
R_AP4AH	0.001042316684302122
R_ASPTRS	3.196688784594615e-21
R_CAt6pp	-0.09569729997657596
R_CBIAT	0.0
R_AP4AS	0.001042316684302122
R_CBItonex	2.061907198185383e-20
R_AP5AH	-4.910429927277423e-20
R_CBIuabcpp	2.0482279827885134e-20
R_ASPabcpp	0.00014694423402709564
R_ASPt2_2pp	0.017064005693494144
R_ASPt2_3pp	0.007125346762631392
R_ASPt2pp_copy1	0.016683792514268207
R_CBL1abcpp	2.997101451381122e-06
R_CBL1tonex	2.997101451381123e-06
R_APCS	2.047088422952622e-20
R_CBLAT	2.9971014513865968e-06
R_CBMD	3.410564126448938e-05
R_CBMKr	0.008202697805133035
R_CBPS	1.3460969823252217e-05
R_ASPt2pp_copy2	-0.041018476934326864
R_ASPtex	9.870928741051443e-09
R_ASR	1.4206650046160021e-21
R_AST	5.6020759552515145e-05
R_ATHRDHr	-0.039560149372966535
R_ATPHs	0.00018154609100743652
R_ATPM	0.00011329977294426771
R_CCGS	3.589901450942125e-20
R_CD2abcpp	2.2705771815880718e-05
R_CD2t3pp	0.026694614949429436
R_CD2tex	0.0
R_ATPPRT	0.0012413363001530884
R_APG3PAT120	0.002083980383152206
R_ATPS4rpp	1.2100534942389836
R_BALAt2pp	9.900489628542757e-09
R_BALAtex	9.900489539305113e-09
R_BETALDHx	-5.22471340926118e-09
R_CD2tpp	0.026717320721245316
R_CDAPPA120	0.0002657476986813886
R_CDAPPA140	0.00026904843381673685
R_CDAPPA141	0.00025655797700879345
R_CDAPPA160	0.00024532558438208256
R_CDAPPA161	0.00022873805820947877
R_CDAPPA180	0.0002540622317883094
R_CDAPPA181	0.0002181933858992175
R_CDGR	1.8530280650148676e-20
R_BETALDHy	2.4960660558447937e-08
R_BMOCOS	1.5642235592533425e-06
R_BMOGDS1	1.5642235592532586e-06
R_BMOGDS2	1.5642235592531532e-06
R_BPNT	0.003342421753562503
R_BSORx	7.031234882902146e-09
R_BSORy	-7.031234887112145e-09
R_CDGS	5.1894330670981226e-20
R_CDPMEK	8.934933422058678e-05
R_BTNt2ipp	9.990867024459076e-09
R_APG3PAT140	0.0020323555893144163
R_BTNtex	9.990866800535514e-09
R_BTS5	1.6978505729465737e-08
R_BUTCT	1.986934768344609e-08
R_CFAS160E	2.0356314494093298e-19
R_CFAS160G	2.0417581934330872e-19
R_CFAS180E	2.2480327239274596e-19
R_BUTSO3abcpp	9.961310856995655e-09
R_BUTSO3tex	9.961310887263153e-09
R_CFAS180G	2.2519284074406728e-19
R_APG3PAT141	0.0022354281753874656
R_CGLYabcpp	0.0005952086889546883
R_CGLYtex	9.96663662711228e-09
R_CHLabcpp	-9.127433386919195e-09
R_CHLt2pp	3.2133991954330484e-08
R_CHLtex	9.76924319218142e-09
R_BUTt2rpp	9.908036826752897e-09
R_BUTtex	9.908036835426515e-09
R_BWCOGDS1	2.3067595535777037e-19
R_BWCOGDS2	1.2618259897172431e-19
R_BWCOS	3.134874401798805e-19
R_CA2t3pp	0.09563052381218755
R_CA2tex	6.677616438843792e-05
R_CADVtpp	-9.821661034193309e-09
R_CHOLD	1.9735947094983024e-08
R_CHORM	0.004237347366449274
R_CHORS	0.005015148559200126
R_CHRPL	3.007085060959153e-06
R_CHTBSptspp	9.988387976009692e-09
R_CHTBStex	9.988387894566131e-09
R_CINNDO	-1.279149551746034e-20
R_CITL	9.650236083140217e-06
R_CLt3_2pp	3.338808219422434e-05
R_CITt3pp	0.0053707805774676045
R_APG3PAT160	0.00236081642538401
R_CITt7pp	0.0053707904861378325
R_CITtex	9.908670328684366e-09
R_CLtex	6.677616438843792e-05
R_CMPN	0.0017975591844894409
R_CMPtex	9.981698356753554e-09
R_CLIPAabctex	-9.990698173661386e-09
R_APG3PAT161	0.002701838874327431
R_CLPNH120pp	0.001169408348512783
R_CLPNH140pp	0.0011722937897499
R_CLPNH141pp	0.0011620069846378963
R_CMtex	0.044827152099250256
R_CMtpp	0.044827152099250214
R_CO2tex	-0.5498330730272993
R_CLPNH160pp	0.001080115632412987
R_CO2tpp	-0.5430518943822996
R_COBALT2abcpp	4.32206919345761e-05
R_COBALT2t3pp	0.050805548359813935
R_COBALT2tex	3.236324628286269e-07
R_CLPNH161pp	0.0010846565812035604
R_CLPNH180pp	0.0011601344389023495
R_CLPNH181pp	0.0011108010163850418
R_CLPNS120pp	0.001169408348512771
R_CLPNS140pp	0.0011722937897498953
R_COBALT2tpp	0.05084909268421146
R_APG3PAT180	0.002278231936491223
R_COLIPAKpp	-9.996131137194303e-09
R_CLPNS141pp	0.0011620069846378922
R_CLPNS160pp	0.0011198145785267788
R_APG3PAT181	0.0029738891819924345
R_CLPNS161pp	0.0011155365358912483
R_COLIPAPabctex	-9.996432015283845e-09
R_COLIPAabcpp	0.00010987379441159209
R_APH120	0.007098032361198087
R_COLIPAabctex	0.00010989376361634041
R_CLPNS180pp	0.0011601344389023521
R_APH140	0.00701422156887385
R_CLPNS181pp	0.0011267129581018498
R_CPGNR1	0.0030130990955626455
R_APH141	0.007267024839125105
R_APH160	0.006928837944691223
R_CPGNR2	8.700623926031047e-05
R_CPGNR3	8.574305260060041e-05
R_APH161	0.007363422910824151
R_CYANSTpp	9.324964023177292e-09
R_CPGNUtex	0.006371696774847112
R_APH180	0.0073097159439379856
R_APH181	0.007383790131769613
R_CPGNUtpp	0.006371696774847112
R_APPLDHr	0.0
R_CPGNabcpp	0.006371696774847112
R_CPGNexs	0.006371703084599271
R_CPGNtonex	0.006371696774847112
R_CPH4S	6.839667308612214e-20
R_CPMPS	3.3172328676900465e-06
R_CYANtex	9.324963912149542e-09
R_CYNTAH	9.806338115050138e-09
R_CYNTt2pp	9.8063381147969e-09
R_CYNTtex	9.806338185924801e-09
R_CYSDDS	9.959929956212544e-09
R_CYSDS	0.0003827827046902762
R_CYSDabcpp	9.95992995609205e-09
R_CYSDtex	9.959929991865124e-09
R_CYSS	0.003724906919479737
R_CYSSADS	-5.38900291165902e-21
R_CPPPGO	6.0141571893567775e-06
R_CPPPGO2	-9.967250306461883e-09
R_CRNBTCT	0.0
R_CRNCAL2	2.424677514099744e-11
R_CRNCAR	4.849353731073425e-11
R_CRNCBCT	2.4246776461622765e-11
R_CYSTL	0.0021076640596553644
R_APRAUR	6.014170122241683e-06
R_CYSTRS	6.198723436033419e-21
R_CYSabc2pp	1.7937475079200727e-06
R_CRNCDH	1.474514954580286e-17
R_CRNDCAL2	-4.8493537046064265e-11
R_ARAI	9.945928765471568e-09
R_CRNDabcpp	0.00030754626107952715
R_CYSabcpp	0.003497694994427421
R_CYStex	9.937574318996667e-09
R_ARBTNR1	0.004435831102649269
R_CYStpp	0.0034958913093451234
R_CYTBD2pp	0.006544379021833387
R_CYTBDpp	0.019838164754765984
R_CYTBO3_4pp	1.0896068363281357
R_CYTD	4.2078217174028834e-05
R_CRNDt2rpp	0.00410720048202301
R_CRNDtex	-4.849343149260221e-11
R_CRNabcpp	0.000301082892867873
R_CRNt2rpp	-0.004715829635970392
R_CRNt7pp	-3.0053668686611024e-20
R_CYTDH	0.0004546080674324988
R_CRNt8pp	0.004414746791596073
R_CYTDK2	0.0024815628594157817
R_ARBTNR2	0.00012809248028933007
R_CYTDt2pp_copy1	0.021778948420635498
R_CRNtex	4.849343149260221e-11
R_CS	0.16363110097635605
R_CSND	0.002252177212203669
R_CYTDt2pp_copy2	-0.02177890849494955
R_CYTDtex	9.979152393313484e-09
R_CSNt2pp	9.960281729396368e-09
R_ARBTNR3	0.0001262328407538497
R_CSNtex	9.960281710519325e-09
R_CTBTCAL2	2.4246762804866383e-11
R_CTBTabcpp	0.0003042974173960456
R_CYTK1	0.023505606555259573
R_CYTK2	-0.001557313671381566
R_D_LACt2pp	9.607711876080671e-09
R_D_LACtex	9.607711959347398e-09
R_CTBTt2rpp	-0.0003042974173960711
R_CTECOAI6	0.001519723396540204
R_ARBTNabcpp	0.009380312847384898
R_CTECOAI7	0.0022542833379341903
R_CTECOAI8	0.003836068911148946
R_DAAD	3.689518813847387e-07
R_DADA	0.00020601903722856818
R_DADK	-0.01039533038357121
R_DADNt2pp	1.9974260590828252e-08
R_DADNtex	9.986577287346421e-09
R_DAGK120	0.0020797082955001495
R_CTPS2	0.0062544485711863666
R_CU1Opp	-9.969456910842308e-09
R_CU1abcpp	-8.449770683381176e-09
R_CU2abcpp	0.0007744593572723088
R_CU2tex	9.128556093029871e-06
R_DAGK140	0.0020882350420297784
R_ARBTNexs	0.009380318330199063
R_DAGK141	0.0020559119602494816
R_DAGK160	0.0020685789320410044
R_CU2tpp	0.0007835480355376243
R_CUt3	8.449770683381299e-09
R_CUtex	-3.142805704570151e-08
R_DAGK161	0.002011505150176677
R_ARBTNtex	0.009380312847384898
R_DAGK180	0.0020494322915872967
R_DAGK181	0.001968747204364777
R_CYANST	-4.591117372877861e-17
R_DALAt2pp	0.009368190469346494
R_ARBTNtonex	0.009380312847384898
R_DALAtex	9.868539763147055e-09
R_DAMPtex	9.987683347034704e-09
R_DCYTt2pp	1.9964629174015896e-08
R_ARBTNtpp	0.009380312847384898
R_DCYTtex	9.981273946246816e-09
R_DDCAtexi	9.980713884723556e-09
R_DAPAL	9.936503299899814e-09
R_DAPDC	0.0044964018464784304
R_DAPE	0.004868239095189825
R_DAPabcpp	9.969386236607312e-09
R_DDGALK	9.964114178248777e-09
R_DDGLCNt2rpp	9.955069102396408e-09
R_DDGLCNtex	9.95506921341871e-09
R_DDGLK	6.976312425206061e-08
R_DDPA	0.005015128628548721
R_DAPtex	9.821661040021468e-09
R_DASYN120	0.0033651976808241452
R_DASYN140	0.003323913881415956
R_DASYN141	0.0034857333818777343
R_DASYN160	0.003645325436698707
R_DDPGALA	9.964114172644756e-09
R_DGK1	-0.007160945653306022
R_DGMPtex	9.986801385863942e-09
R_DASYN161	0.003909667430590546
R_ARBTptspp	-7.117281021183018e-21
R_DASYN180	0.003519974065611013
R_DASYN181	0.0040986045279844405
R_DGSNt2pp	1.997232499299463e-08
R_DGSNtex	9.985523519162598e-09
R_DHACOAH	1.9966142732197323e-08
R_DATPHs	0.0007439847773943392
R_DB4PS	1.202834024448326e-05
R_DHAD1	0.011455723383076362
R_ARBTtex	-7.118767523641804e-21
R_DHAD2	0.0038067978252970675
R_DHAPT	0.0003756445880889586
R_DBTS	1.6978505733131272e-08
R_DC6PH	9.988387976301515e-09
R_DCAtex	9.97571225624938e-09
R_DHAtex	9.83908376994691e-09
R_ARBabcpp	0.0005443381805527676
R_DHAtpp	9.839083797702486e-09
R_DHBD	8.951314256752663e-06
R_DHBS	0.00024068439999614763
R_DHBSH	0.00023173308573939312
R_DHCIND	-2.5986770894747473e-20
R_DCMPtex	9.983355253595505e-09
R_DCTPD	0.00027734238580575326
R_DCYTD	0.0015871576709784135
R_DHCINDO	9.97987020229478e-09
R_ARBt2rpp	0.0013849665514811121
R_DHDPRy	0.004868239095189824
R_DHDPS	0.004868239095189824
R_ARBt3ipp	0.0019292947861051066
R_DHFR	0.00034648618022861677
R_DHFS	1.2028342473894235e-05
R_FFSD	9.983377013913817e-09
R_ARBtex	9.945928747256971e-09
R_DNMPPA	1.202834247389436e-05
R_DHMPTR	2.2530237681391237e-20
R_DHNAOT4	6.014174581008336e-06
R_DHNCOAS	6.014174581008419e-06
R_DNTPPA	1.2028342473894383e-05
R_ARGAGMt7pp	-4.108178017776104e-05
R_DOGULNR	-6.286659047442082e-19
R_DHNCOAT	6.0141745810083585e-06
R_DHNPA2r	1.2028342473893727e-05
R_DOPAtex	9.897316965989944e-09
R_ARGDC	3.844387575934457e-07
R_DHNPTE	0.0
R_DOXRBCNtex	0.044827152099250034
R_ARGDCpp	4.107181143870011e-05
R_DOXRBCNtpp	0.044827152099250096
R_DHORD2	0.003219451743663223
R_ARGORNt7pp	0.00471414799349577
R_DHORD5	0.000540291795360749
R_DHORDfum	0.0005936013427104577
R_DHORTS	-0.0043533448817344444
R_DHPPD	9.982453974702103e-09
R_DPCOAK	7.76717935083977e-06
R_DPR	7.757212459396673e-06
R_DRPA	0.02287376428530329
R_DSBAO1	5.847939252913144e-09
R_DHPPDA2	6.014170122241704e-06
R_ARGSL	0.003973235511990608
R_DHPS2	1.2028342473894273e-05
R_DHPTDCs2	1.8050394586961343e-05
R_DSBAO2	-5.847939252913224e-09
R_DSBCGT	-3.5243427452620343e-09
R_DSBDR	9.992051179357586e-09
R_DHPTDNR	0.0
R_DHPTDNRN	0.0
R_ARGSS	0.003973235511990596
R_DHPTPE	0.0
R_DHQS	0.005015128628548721
R_DSBGGT	-6.467708434093758e-09
R_DSERDHr	-0.00013430036506334453
R_DSERt2pp	9.904500931414696e-09
R_DSERtex	9.904500997137689e-09
R_DHQTi	0.0050151385890808975
R_ARGTRS	7.130031439370447e-21
R_DIMPtex	9.986555804530894e-09
R_DINSt2pp	1.9971783520252972e-08
R_DTARTD	9.900270825356737e-09
R_ARGabcpp	0.00011081368185700445
R_DTMPK	0.0003526234910996573
R_DINStex	9.985227755748838e-09
R_DKGLCNR1	1.9567063764810512e-08
R_DTMPtex	9.981996118568759e-09
R_ARGt3pp	0.004824941735301601
R_DUMPtex	9.981867332697902e-09
R_DURADx	0.0
R_DURIK1	0.0023484299598828706
R_DURIPP	0.003464285396686695
R_DURIt2pp	1.996123869283101e-08
R_DURItex	9.97937132929394e-09
R_DKGLCNR2x	-9.762684416935955e-09
R_DUTPDP	0.002211565602224286
R_ARGtex	9.971311998313581e-09
R_DXPRIi	8.934933422058463e-05
R_DXPS	9.532357734160228e-05
R_DKGLCNR2y	-9.804379347881244e-09
R_DMATT	1.2769982860963086e-05
R_DMPPS	4.4632616759753074e-05
R_DMQMT	3.007087290564964e-06
R_DXYLK	4.1461704048059555e-19
R_E4PD	2.9771518255117257e-06
R_DMSOR1	2.7159901547674223e-09
R_ASAD	-0.014147631674180428
R_DMSOR1pp	4.75688184471289e-09
R_DMSOR2	-2.715990154314158e-09
R_EAR100x	4.3961563322434904e-05
R_EAR100y	3.810133670939756e-06
R_EAR120x	0.0029262369869741266
R_DMSOR2pp	4.957659566950889e-09
R_EAR120y	0.00025406469272651826
R_DMSOtex	9.714541393535114e-09
R_ASCBPL	9.971399229897812e-09
R_DMSOtpp	0.0
R_DMStex	-9.714541393535114e-09
R_EAR121x	0.008776020965372115
R_EAR121y	0.0007619742052582238
R_EAR140x	0.002136064865295907
R_FCLK	9.959698621349624e-09
R_EAR140y	0.00018545772559066178
R_EAR141x	0.008776020965372115
R_EAR141y	0.0007619742052582244
R_EAR160x	0.002240727408562034
R_EAR160y	0.00019454508702668573
R_EAR161x	0.007377715875348476
R_EAR161y	0.000640565883299621
R_EAR180x	0.0016428725669165804
R_EAR180y	0.00014263613409177227
R_EAR181x	0.0041329295756046035
R_EAR181y	0.00035883619313427297
R_ECOAH5	-0.008495625015333491
R_ECOAH6	-0.00818607499318122
R_ECOAH7	-0.006889945323184085
R_ECOAH8	-0.005621587599808103
R_EDA	0.0024299655891993634
R_EDD	0.002429895826075111
R_EDTXS1	0.00010986379628953892
R_EDTXS2	0.00010986379628953813
R_EDTXS3	-9.990695089878018e-09
R_EDTXS4	-9.990696874176157e-09
R_EAR40x	0.003704112280057429
R_EAR40y	0.0003216039834743623
R_EAR60x	0.0037041122800573856
R_EAR60y	0.00032160398347435887
R_EGMEACPR	1.6978505749934007e-08
R_FCLPA	9.959698621386792e-09
R_ENLIPAabctex	-9.721580595360876e-09
R_ENO	0.2532786275108042
R_EAR80x	0.0037041122800574207
R_EAR80y	0.00032160398347436185
R_ECA4COLIPAabctex	-7.771997222118148e-12
R_ENTCS	8.02281333320492e-05
R_ENTERES	2.7719495311485878e-05
R_ENTERES2	4.952153859964747e-05
R_EPMEACPR	1.697850574433084e-08
R_ECA4OALpp	-7.771796150356036e-12
R_ECAP1pp	-7.780124650244395e-12
R_ECAP2pp	-7.777298700219015e-12
R_ECAP3pp	-7.774522476752712e-12
R_ECAtpp	-3.111494598050107e-11
R_ETHAAL	0.009817052175315095
R_ETHAt2pp	0.001879826204732278
R_ECOAH1	0.0001969362835230054
R_FCLT	6.004189939050195e-06
R_ECOAH2	0.00019695615287068646
R_ECOAH3	0.00019696609537012133
R_ETHAtex	9.773491127518241e-09
R_ETHSO3abcpp	9.879713343697273e-09
R_ETHSO3tex	9.879713269711488e-09
R_ECOAH4	-0.005363105008338295
R_ETOHtex	9.676383028178748e-09
R_FDH4pp	0.00577151940199711
R_ETOHtrpp	9.676383097567687e-09
R_F6PA	-0.004088117313255819
R_F6PP	0.00025939929780608107
R_FHL	0.0
R_FLDR2	0.05380497806482045
R_F6Pt6_2pp	9.963816951714368e-09
R_FLVR	0.00026470176257078224
R_FDH5pp	0.0009685874315640651
R_FLVRx	0.0004472284199102716
R_FMETTRS	7.203345280416486e-21
R_FMNAT	3.007085061120893e-06
R_FMNRx	0.0004599410629621484
R_F6Ptex	9.963816882674337e-09
R_FA100ACPHi	0.00015845983172098528
R_FA120ACPHi	4.4538628875792566e-05
R_FA140ACPHi	4.336334536945268e-05
R_FA141ACPHi	4.719081046366421e-05
R_FA160ACPHi	4.3986562822864786e-05
R_FA161ACPHi	5.06494301667255e-05
R_FMNRx2	0.0002625264520035663
R_FOMETRi	0.0967895374769046
R_FORCT	0.0
R_FDMO	9.884344104815496e-09
R_FORt2pp	0.38537333041962796
R_FORtex	-0.10004864120168722
R_FORtppi	0.4921620784548763
R_FRD2	0.11453810895423118
R_FRD3	0.11636141314802832
R_FRUK	1.9509320673322606e-08
R_FRULYSDG	1.9970535999197514e-08
R_FRULYSE	9.98526800133348e-09
R_FA80ACPHi	9.225808245843373e-05
R_FDMO2	9.837885021156339e-09
R_FRULYSK	1.9970535999124034e-08
R_FRULYSt2pp	9.985267999494092e-09
R_FRULYStex	9.98526794582233e-09
R_FRUURt2rpp	9.960168983417367e-09
R_FRUURtex	9.960168911860023e-09
R_FACOAE100	0.003132529982707315
R_FACOAE120	0.002442111793657377
R_FACOAE140	0.0028828714188397267
R_FRUpts2pp	-9.544128851274042e-09
R_FRUptspp	1.950932067333267e-08
R_FRUtex	9.965191782868033e-09
R_FTHFD	0.03631351070841421
R_FTHFLi	0.0018834263742354086
R_FUCtex	9.959698621386792e-09
R_FUCtpp	9.959698621386792e-09
R_FUM	0.16904224609287744
R_FUMt2_2pp	1.018459730617545e-08
R_FUMt2_3pp	-2.7235815350458926e-10
R_FACOAE141	0.0015126114251138476
R_FACOAE160	0.003171061557800524
R_FACOAE161	0.000817732864340999
R_FACOAE180	0.0013288428011109011
R_FACOAE181	0.00027414355696214564
R_FUMtex	9.912239251619326e-09
R_FUSAtex	0.044827152099250034
R_FDMO3	9.879713343736122e-09
R_FUSAtpp	0.04482715209925015
R_G1PACT	0.01451267825783756
R_G1PPpp	1.9949287518515445e-08
R_FACOAE60	0.0013510771392839084
R_FACOAE80	0.005560081071956781
R_FACOAL100t2pp	9.975712126620032e-09
R_FACOAL120t2pp	0.0027516618158096476
R_FACOAL140t2pp	0.002659277692296651
R_G1PTT	0.0001098737632929701
R_G1Ptex	9.960570590550333e-09
R_G1SAT	7.209020000137345e-05
R_FACOAL141t2pp	0.003032334821654044
R_FDMO4	9.961310856844348e-09
R_FACOAL160t2pp	0.002185135943242336
R_FACOAL161t2pp	0.0030720162022751943
R_FACOAL180t2pp	0.003114361489770054
R_FACOAL181t2pp	0.004110212468111093
R_FACOAL60t2pp	0.001224806926529632
R_FACOAL80t2pp	9.968248371068807e-09
R_G2PP	1.9659838267343457e-08
R_G2PPpp	-9.715256828722553e-09
R_G3PAT120	0.00035315843795131335
R_G3PAT140	0.00033932958558246357
R_G3PAT141	0.0003920444563398908
R_G3PAT160	0.00040476302339538495
R_G3PAT161	0.0005019089422572182
R_G3PAT180	0.00040314628682731456
R_FADRx	1.2720473621038224e-05
R_FDMO6	9.701900034673657e-09
R_FADRx2	6.420803934409021e-06
R_FALDH2	1.8689618810907582e-08
R_FALDtex	8.851733790393723e-09
R_FALDtpp	8.851733790393723e-09
R_FALGTHLs	1.8689618810907582e-08
R_G3PAT181	0.0005684971533097502
R_G3PCabcpp	-3.2706115809033616e-09
R_G3PCtex	9.966703684582967e-09
R_G3PD2	-0.006694176621047043
R_G3PD5	4.708930474769577e-05
R_G3PD6	1.8726011601509276e-06
R_FBA	0.07995641295214462
R_FBA3	0.05610163301834359
R_G3PD7	1.8431412956267467e-06
R_FE2abcpp	1.5237390367174078e-05
R_FBP	0.0048326495838598065
R_G3PEabcpp	6.224153914089379e-06
R_FE2t2pp	0.0009100687204814699
R_G3PEtex	9.960986924184567e-09
R_G3PGabcpp	2.644103329909247e-05
R_G3PGtex	9.965843039694278e-09
R_G3PIabcpp	-3.9704384465176303e-10
R_G3PItex	9.958231572682053e-09
R_FCI	9.959698621386792e-09
R_G3PSabcpp	1.9547350084446355e-08
R_FE2t3pp	0.06192009884281475
R_G3PStex	9.970774872414268e-09
R_G3PT	0.000196613232833761
R_GGPTRCS	0.0008963159484794555
R_GHBDHx	0.0
R_GHMT2r	0.03746456610459836
R_G5SADs	0.010556281818316391
R_FE2tex	0.047834180652811975
R_G5SD	0.008223171712156455
R_G6PDA	0.01253952776667555
R_GK1	0.012522217076877867
R_GLBRAN2	0.31878899870541005
R_GLCATr	0.0
R_G6PDH2r	0.10997126608898866
R_FE2tpp	0.007845948194019263
R_G6PP	0.0002557879909023566
R_G6Pt6_2pp	9.96373976273847e-09
R_G6Ptex	9.963739833196428e-09
R_GAL1PPpp	1.995560274101261e-08
R_GLCDpp	0.0014853066651003685
R_FE3DCITabcpp	9.974705010588193e-09
R_GLCNt2rpp	0.0014853166052923028
R_GAL1Ptex	9.966351965928766e-09
R_GALBDtex	9.966405700723158e-09
R_GALCTD	9.947241945456298e-09
R_GALCTLO	9.970778408634905e-09
R_GALCTND	9.96411417825671e-09
R_GLCNtex	9.940192002844128e-09
R_GLCP	0.10600734202436385
R_GLCP2	0.08046992114156191
R_GALCTNLt2pp	9.970778408622331e-09
R_FE3DCITtonex	9.974705010601068e-09
R_GALCTNLtex	9.970778425127946e-09
R_GALCTNt2pp	9.964114178264298e-09
R_GALCTNtex	9.964114200400331e-09
R_GALCTt2rpp	9.947241945505031e-09
R_GLCRAL	1.9894542702332674e-08
R_GLCRD	9.947300756883306e-09
R_GLCRt2rpp	9.947300756967675e-09
R_GALCTtex	9.947241919050498e-09
R_FE3DHBZR	9.984005993105903e-09
R_GALKr	5.984342882348059e-08
R_GALM2pp	9.966405700431383e-09
R_GALS3	9.981630732326903e-09
R_GLCRtex	9.947300760870803e-09
R_GLCS1	0.18855642804515335
R_GLCTR1	0.00010987379441160036
R_GLCTR2	0.00010987379441159718
R_GALT1	0.00010987379441159878
R_FE3DHBZSabcpp	9.984005993122118e-09
R_GALTptspp	9.96825287836634e-09
R_GLCTR3	0.00010987379441159556
R_FE3DHBZStonex	9.984005993137872e-09
R_GLCUR1Ptex	9.968669223425763e-09
R_GALTtex	9.968252889791529e-09
R_GLCURt2rpp	2.9918339208845346e-08
R_GLCURtex	9.960168911860023e-09
R_GLCabcpp	0.00027864811399811953
R_GALURt2rpp	9.9587685459257e-09
R_GALURtex	9.958768476536761e-09
R_GALUi	0.006822521643700612
R_GLCptspp	0.1823612703548407
R_FE3HOXR1	0.004564465020862905
R_GLCt2pp	0.016153666198833575
R_GALabcpp	-3.481394737964222e-09
R_FE3HOXR2	0.00013180722357296513
R_GLCtex_copy1	0.05058458589416248
R_FE3HOXR3	0.0001298936567552797
R_GLCtex_copy2	0.14969427373296562
R_GLDBRAN2	0.23831907756384813
R_FE3HOXUtex	0.0096523318023823
R_GLGC	0.18855642804515335
R_FE3HOXUtpp	0.0096523318023823
R_GLNS	0.059665774610733205
R_FE3HOXabcpp	0.0096523318023823
R_GLNTRS	4.8575540103250434e-21
R_FE3HOXexs	0.00965233721646422
R_GLNabcpp	1.8461898828118947e-08
R_GLNtex	9.95690729865828e-09
R_GLTPD	9.968252889791529e-09
R_GLU5K	0.008223171712156455
R_GLUABUTt7pp	0.012925736512349073
R_GALt2pp	6.296312131027743e-08
R_GALtex	9.957032309770852e-09
R_GAM6Pt6_2pp	9.967677440306281e-09
R_GAMAN6Ptex	9.967677350175563e-09
R_GAMptspp	9.96482256484619e-09
R_GAMtex	9.964822522690042e-09
R_GAPD	0.3089764529782848
R_GLUCYS	0.000598175843321575
R_GLUDC	0.01720057902519492
R_GLUDy	-0.2682758912975085
R_GLUN	0.0025172344714400412
R_GLUNpp	-8.504991590629625e-09
R_GLUPRT	0.0059771769168681455
R_GLUR	-0.0030510985222144127
R_GARFT	0.0007085994088759096
R_FE3HOXtonex	0.0096523318023823
R_GART	0.005268577507992204
R_GLUSy	0.013585039358542328
R_GLUTRR	7.209020000137125e-05
R_GLUTRS	7.209020000137125e-05
R_GLUabcpp	9.952183555016462e-05
R_GBBTNtex	0.0
R_GCALDD	1.203822681799913e-05
R_GDMANE	6.456991582252185e-20
R_GLUt2rpp	-0.024483775139212693
R_FE3Ri	0.001353681115015148
R_GLUt4pp	0.01205371694103124
R_GLUtex	9.932391353828507e-09
R_GDPDPK	0.0032104071180911156
R_GDPMNH	0.0004531512092388631
R_GLXCL	0.0017669325282771912
R_FE3abcpp	0.0004052329906954754
R_GLYALDtex	9.852176630076315e-09
R_GDPMNP	0.00021420382061685338
R_GDPTPDP	0.0024935130261501265
R_GLYALDtpp	9.852176630076315e-09
R_GDPtex	-9.789764332523987e-09
R_FE3tex	-0.10057779220006324
R_GF6PTA	0.013502829951586108
R_GGGABADr	0.0008963159484794564
R_GGGABAH	0.0008963159484794555
R_GGPTRCO	0.0008963159484794555
R_GLYAT	0.05568654451408241
R_GLYBabcpp	-9.893325309881586e-09
R_GLYBt2pp	-9.842621893481662e-09
R_GLYBtex	-1.9735947320853597e-08
R_GLYC2Pabcpp	1.9659838267349595e-08
R_GLYC2Ptex	9.944581380594286e-09
R_GLYC3Pabcpp	2.5039224384381334e-05
R_FECRMR1	0.00456446502086292
R_GLYC3Pt6pp	0.002743496379485252
R_GLYC3Ptex	9.912606735440477e-09
R_GTPDPDP	9.990224278717155e-05
R_GLYCAt2rpp	9.47975714940541e-09
R_GTPDPK	0.002593415268937298
R_FECRMR2	0.00013180722357296456
R_GTPHs	8.006822061721504e-05
R_GLYCAtex	9.479757201447114e-09
R_GLYCDx	0.00446375206226098
R_GLYCK	0.0006191360477281274
R_GTPtex	9.789764332523987e-09
R_GUACYC	0.0006416838964699558
R_GLYCK2	0.0011478358303729818
R_FECRMR3	0.00012989365675527897
R_GLYCL	0.007366573663976392
R_GLYCLTDx	0.0330592345044119
R_GLYCLTDy	0.002870372600255671
R_GUAD	5.6268684756612926e-06
R_GUAPRT	0.007261233320726839
R_GUAt2pp	0.030965790426275515
R_GUAtex	9.971091619043193e-09
R_GUAtpp	-0.030965780455183903
R_GUI1	2.9918339208845346e-08
R_GUI2	9.9587685459257e-09
R_GUR1PPpp	1.9958170227607398e-08
R_H2O2tex	-2.9779366528259743e-08
R_H2Otex	-0.9216737668358738
R_H2Otpp	-0.9222131777027417
R_H2SO	-9.872354690005737e-09
R_GLYCLTt2rpp	-0.023224072632659645
R_GLYCLTt4pp	0.023221477755866284
R_GLYCLTtex	-2.5948767932160166e-06
R_GLYCTO2	0.026960707454969195
R_GLYCTO3	0.004524620418423646
R_GLYCTO4	0.004453722581299371
R_GLYCtex	9.860805949557516e-09
R_GLYCtpp	-0.00832502386948572
R_GLYK	0.007831272533419857
R_H2St1pp	3.724889919137624e-07
R_H2Stex	-3.7248899187325435e-07
R_H2tex	-2.4069431558970678e-08
R_FECRMUtex	0.009652331802382329
R_H2tpp	-1.4316867469332806e-08
R_FECRMUtpp	0.009652331802382329
R_HACD1	0.0001969362835230054
R_HACD2	0.00019695615287068646
R_HACD3	0.00019696609537012133
R_HACD4	-0.005363105008338295
R_HACD5	-0.008495625015333477
R_HACD6	-0.00818607499318122
R_GLYOX	0.01271319744804778
R_GLYOX3	0.0008772420861966502
R_GLYTRS	1.774531083843881e-21
R_GLYt2pp_copy1	0.12434655954713375
R_GLYt2pp_copy2	-0.1277804383292857
R_HACD7	-0.006889945323184085
R_HACD8	-0.005621587599808103
R_HADPCOADH3	1.99661427304626e-08
R_HBZOPT	3.0070850609591377e-06
R_HCINNMt2rpp	9.979870201071162e-09
R_FECRMabcpp	0.009652331802382329
R_HCINNMtex	9.979870263521207e-09
R_HCO3E	0.07134957050758073
R_HCYSMT	-9.103203081930318e-09
R_GLYt4pp	0.0034338874306615503
R_GLYtex	8.648509464137533e-09
R_GMAND	9.65021318195021e-20
R_HCYSMT2	9.977199823800188e-09
R_GMHEPAT	0.0004394951776464182
R_FECRMexs	0.00965233721646425
R_GMHEPK	0.0004394951776464184
R_HDCAtexi	2.995400359537281e-08
R_HDCEAtexi	9.986568929033452e-09
R_HEMEOS	3.0070872905383308e-06
R_HEPK1	0.0001098737944116073
R_GMHEPPA	0.00043949517764641833
R_GMPR	0.002872281649697625
R_HEPK2	0.00010987379441160473
R_HEPT1	0.0001098737944116095
R_FECRMtonex	0.009652331802382329
R_GMPS2	0.0061477902479271825
R_FEENTERR1	0.0037119283493223395
R_GMPtex	9.98649651862138e-09
R_GND	0.10902670673947526
R_GNK	0.0014853364765617333
R_HEPT2	0.00010987379441160847
R_HEPT3	0.00010987379441160609
R_HEPT4	0.00010987379441159389
R_HETZK	3.7047977779350365e-19
R_HEX1	0.01611798414160374
R_HEX4	0.0030155214250011985
R_HEX7	0.010234502820662886
R_GOFUCR	3.262254194290944e-20
R_GP4GH	-4.5611715953806904e-20
R_GPDDA1	-3.2706115266775696e-09
R_HEXt2rpp	-0.0012247969840302026
R_FEENTERR2	0.00010718731835085868
R_GPDDA1pp	1.3237315355369496e-08
R_GPDDA2	0.007937225970582816
R_FEENTERR3	0.00010563116104314577
R_GPDDA2pp	0.0018798164312410453
R_HG2abcpp	-9.287464115612706e-09
R_HG2t3pp	9.287464115612814e-09
R_FEENTERabcpp	0.007899015196032335
R_HG2tex	0.0
R_GPDDA3	1.954735008450415e-08
R_GPDDA3pp	-9.576575283762852e-09
R_HISTD	0.001241336300153044
R_FEENTERexs	0.007899005202110674
R_HISTP	0.001241336300153044
R_HISTRS	7.389366569416461e-21
R_GPDDA4	0.003773357981346459
R_HISabcpp	0.00021360253707608637
R_FEENTERtex	0.007898995208162703
R_GPDDA4pp	0.0002991160896137836
R_FEENTERtonex	0.007899015196032335
R_GPDDA5	-3.9704384600086685e-10
R_GPDDA5pp	1.035527549662505e-08
R_HISt2rpp	-0.00021359257531347597
R_HIStex	9.96176252598957e-09
R_HKNDDH	1.9961812197699058e-08
R_HKNTDH	9.979870202281773e-09
R_HMBS	9.0112750001714e-06
R_HMPK1	-1.5403968305445057e-20
R_HOMt2pp	-9.775323978590821e-09
R_GRTT	1.2769982860969601e-05
R_GRXR	0.02050448375469529
R_FEENTERtpp	0.007898995208162703
R_GSNK	0.0025514376644417023
R_HOMtex	9.775323883687292e-09
R_GSNt2pp	3.994545436733999e-08
R_FEOXAMR1	0.004727581372196001
R_GSNtex	9.985156035341447e-09
R_FEOXAMR2	0.00013651776476592456
R_FEOXAMR3	0.00013453581457289923
R_GSPMDA	0.0014711308747822746
R_FEOXAMUtex	0.00999726990306965
R_GSPMDS	0.0014711308747822746
R_FEOXAMUtpp	0.00999726990306965
R_GTHOXtex	9.992051186458184e-09
R_HOPNTAL	2.99416823999657e-08
R_GTHOr	0.020504475342196404
R_FEOXAMabcpp	0.00999726990306965
R_GTHPi	-8.412498896085503e-09
R_HPPK2	1.2028342473894296e-05
R_GTHRDHpp	0.0005951987223180662
R_FEOXAMexs	0.0099972752312323
R_GTHRDabc2pp	0.0006001441143481832
R_HPPPNDO	1.9961812197712224e-08
R_HPPPNt2rpp	9.979358221723356e-09
R_FEOXAMtonex	0.00999726990306965
R_HPPPNtex	9.97935822866225e-09
R_HPYRI	-0.027582708878085664
R_HPYRRx	0.025379161285264278
R_HPYRRy	0.002203547592821385
R_HSDy	-0.009279392578990575
R_GTHRDabcpp	4.975358317166128e-06
R_GTHRDtex	9.98218463443834e-09
R_GTHS	0.000598175843321575
R_GTPCI	1.2028342473894432e-05
R_GTPCII2	6.014170122241725e-06
R_FEROpp	0.02524575629768966
R_HSK	0.0071717382946591916
R_HSST	0.0021076640596553644
R_INStex	9.983678050939915e-09
R_FESD1s	0.0011763760668499089
R_IPDDI	-3.1862633898791654e-05
R_IPDPS	4.471671746084033e-05
R_HSTPT	0.001241336300153044
R_HXAND	2.0890334619505778e-05
R_HXAtex	9.942499490378509e-09
R_IPMD	0.005903288954144026
R_FESD2s	-7.254898695285153e-11
R_IPPMIa	-0.005903288954143993
R_FESR	0.0023527519886018438
R_IPPMIb	-0.005903288954143993
R_HXCT	0.00012628015525370604
R_LIPAabctex	-2.765415867697566e-10
R_HXPRT	0.003261397527809699
R_HYD1pp	1.876068599388351e-11
R_IPPS	0.005903288954144022
R_ISETACabcpp	9.884344104817475e-09
R_ISETACtex	9.884344009947199e-09
R_K2L4Aabcpp	-9.992822906756635e-09
R_K2L4Aabctex	-9.996128431976293e-09
R_KARA1	-0.011455723383076433
R_HYD2pp	-7.1559482528891456e-09
R_HYD3pp	-7.1796798974469634e-09
R_LIPOCT	1.4429535395090622e-08
R_HYPOE	0.0043489526070368024
R_KARA2	0.003806797825297137
R_KAS14	0.0023957103283029123
R_KAS15	0.001630005935228908
R_LIPOS	3.0467864838627814e-08
R_KDOCT2	0.00032956141995469
R_KDOPP	0.0003295614199546901
R_HYXNtex	9.969841396895163e-09
R_HYXNtpp	9.969841396895163e-09
R_Htex	-0.17240537632139818
R_KDOPS	0.0003295614199546901
R_LIPOt2pp	9.98622427214113e-09
R_KG6PDC	9.971399227968853e-09
R_Kabcpp	0.0001398284737172509
R_Kt2pp	0.03932951610988233
R_Kt3pp	0.03696537326605144
R_Ktex	0.0025039713175483147
R_L_LACD2	0.0021784225235252533
R_I2FE2SR	2.6068531274678567e-08
R_I2FE2SS	3.5577539349861607e-06
R_I2FE2SS2	3.2603433163639166e-06
R_I2FE2ST	3.2347914989693046e-07
R_I4FE4SR	3.2603433163639e-06
R_I4FE4ST	3.2603433163638756e-06
R_ICDHyr	0.10438173661617611
R_ICHORS_copy1	-0.08914031476012266
R_ICHORS_copy2	0.08915528024896041
R_ICHORT	8.951314256754521e-06
R_ICL	0.059239743982177004
R_ICYSDS	2.3293820064918494e-05
R_IDOND	-0.0004086848151461974
R_IDOND2	0.00040868761652289136
R_IDONt2rpp	9.936527198273204e-09
R_L_LACD3	0.00036558315443051417
R_L_LACt2rpp	9.589166322099274e-09
R_L_LACtex	9.58916634985485e-09
R_LA4NTpp	-9.965313176954627e-09
R_LACZ	-9.6199284917885e-09
R_LACZpp	1.9602685803461297e-08
R_LADGMDH	0.0026792513041167675
R_LALADGLUtex	9.974799652923139e-09
R_IDONtex	9.93652715663984e-09
R_IG3PS	0.001241336300153044
R_LALADGLUtpp	9.974799652895643e-09
R_LIPOtex	9.986224291935741e-09
R_LALALGLUtex	9.974804981993657e-09
R_LALALGLUtpp	9.974804981966171e-09
R_IGPDH	0.001241336300153044
R_IGPS	0.0007447931890876908
R_LPADSS	0.00010984381277154454
R_ILETA	-0.003806797825297026
R_ILETRS	7.736255306479602e-21
R_ILEabcpp	0.0005585619074819527
R_ILEt2rpp	-0.0005585519438457143
R_ILEtex	9.963636138365928e-09
R_IMPC	-0.007215516125725574
R_LALDO2x	-9.637670930359808e-09
R_LALDO3	0.0025439663108887916
R_LALGP	0.0026792712537214024
R_LCADi	0.0025439960887894465
R_LCARR	-9.637670925211062e-09
R_LCARS	-9.853640634341354e-09
R_IMPD	0.006151616765920412
R_IMPtex	9.985283266900069e-09
R_INDOLEt2pp	0.00775647720942127
R_INDOLEt2rpp	0.007756487188000007
R_INDOLEtex	9.978578630054358e-09
R_INOSTt4pp	3.970438482295761e-10
R_INSH	0.0002306946534114181
R_INSK	0.0011492711092661657
R_INSTtex	-1.9890612490414128e-08
R_LCTSt3ipp	0.0020713270278834147
R_LCTStex	9.982757287474442e-09
R_LCTStpp	0.002071317407954923
R_INSt2pp_copy1	0.006890570357894658
R_LDH_D	0.01439694292800242
R_LPLIPAL1A120pp	5.356849791368944e-05
R_LDH_D2	0.005968154339021308
R_LEUTAi	0.005903288954144026
R_LEUTRS	7.167415746123761e-21
R_INSt2pp_copy2	-0.006890550388933349
R_LEUabcpp	0.0011115720147113447
R_LPLIPAL1A140pp	4.809185126140554e-05
R_LEUt2rpp	-0.001111562065468072
R_LEUtex	9.949243207074687e-09
R_LYStex	9.965836156311525e-09
R_LYXI	9.969531609105638e-09
R_LGTHL	0.01271319744804778
R_LPLIPAL1A141pp	7.236023379906047e-05
R_LIPACabcpp	-9.990697934374046e-09
R_LIPAHT2ex	-9.99770447099136e-09
R_LIPAHTex	-9.970374538288925e-09
R_LIPAMPL	9.98622427196421e-09
R_LIPATPT	9.986224272064365e-09
R_LIPAabcpp	-9.998122072270957e-09
R_LYXt2pp	9.969531609312377e-09
R_LYXtex	9.969531644671292e-09
R_M1PD	9.95941762393926e-09
R_MACPD	0.001950516699604775
R_MALCOAMT	1.6978505752105522e-08
R_MALDDH	9.918217932062308e-09
R_MALDt2_2pp	9.91821793206664e-09
R_LPLIPAL1A160pp	4.39757735711731e-05
R_MALDtex	9.918218024651537e-09
R_MALS	0.055715362170113275
R_MALTATr	0.0
R_MELIBt2pp	0.003590465241065814
R_LPLIPAL1A161pp	0.00010283819310113482
R_MELIBt3ipp	0.0035904552594350817
R_MELIBtex	9.981630633149052e-09
R_MALTHXabcpp	4.832947610356777e-09
R_MALTHXtexi	9.995173074892754e-09
R_MALTPTabcpp	9.994250622974568e-09
R_LPLIPAL1A180pp	7.83650841593138e-05
R_MALTPTtexi	9.994250622966331e-09
R_MEOHtex	-1.6978505712472725e-08
R_MEOHtrpp	-1.69785057402283e-08
R_MEPCT	8.934933422058548e-05
R_MALTTRabcpp	9.990502775234562e-09
R_MALTTRtexi	9.990502775221848e-09
R_LPLIPAL1A181pp	0.0001903795205867653
R_MALTTTRabcpp	9.99289992415025e-09
R_MALTTTRtexi	9.992899924132917e-09
R_MALTabcpp	9.985602803839733e-09
R_METAT	0.0001150603348894112
R_METDabcpp	4.636875833535977e-22
R_METDtex	0.0
R_METOX1s	2.8942002175442594e-05
R_METOX2s	4.603050232934427e-05
R_MALTptspp	-3.920573892873244e-21
R_MALTtexi	9.985602803829916e-09
R_LPLIPAL1E120pp	0.0002065929764614346
R_MALt2_2pp	0.008363024819156762
R_MALt2_3pp	0.0034921116948242836
R_METS	0.002125713580245584
R_METSOX1abcpp	9.971122419059439e-09
R_METSOX1tex	9.971122372220975e-09
R_MALt3pp	0.01185512675237652
R_METSOX2abcpp	9.971274126330982e-09
R_MALtex	9.761604635727394e-09
R_LPLIPAL1E140pp	0.00018984248583353572
R_MAN1PT2	0.0006673550298557167
R_MAN6PI	2.989954908660941e-08
R_LPLIPAL1E141pp	0.0002617509484641202
R_MAN6Pt6_2pp	9.963816952438212e-09
R_METSOX2tex	9.971274028686139e-09
R_LPLIPAL1E160pp	0.00013694473295069987
R_MAN6Ptex	9.963816882674337e-09
R_METSOXR1	2.8951973297861632e-05
R_MANAO	-3.9878508193563755e-08
R_LPLIPAL1E161pp	0.0002927338287346593
R_MANGLYCptspp	9.975524068642006e-09
R_MANGLYCtex	9.975523962424404e-09
R_METSOXR2	4.6040473603470575e-05
R_METTRS	1.3574737774119352e-20
R_LPLIPAL1E180pp	0.00027865911673016015
R_METabcpp	9.970690747289553e-09
R_METtex	9.970690717509001e-09
R_MANPGH	9.975524068628062e-09
R_MANptspp	9.96020805387596e-09
R_MANtex	9.96020799171049e-09
R_MCITD	0.0001597770457956356
R_MG2t3_2pp	-0.0033288743246242536
R_LPLIPAL1E181pp	0.0005195065349935432
R_MG2tex	0.0001112891124153137
R_MG2tpp	0.003437023563426549
R_MCITL2	0.00015977704579563188
R_MCITS	0.00015977704579563562
R_MG2uabcpp	3.139873612998486e-06
R_LPLIPAL1G120pp	3.0132932671765376e-05
R_MGSA	6.253934465640234e-06
R_MI1PP	-1.106378703843934e-18
R_MICITDr	0.0001597770457956449
R_MCOATA	0.06536148490175342
R_MCPST	3.047977392991051e-17
R_MINCYCtex	0.044827152099250034
R_LPLIPAL1G140pp	2.7085471482539248e-05
R_MINCYCtpp	0.04482715209925015
R_MCTP1App	0.0011392948479184606
R_MINOHPtexi	9.932380667590082e-09
R_MCTP1Bpp	0.00037697176502766023
R_LPLIPAL1G141pp	4.057488677760624e-05
R_MCTP2App	0.0013655618852077085
R_MDDCP1pp	0.00029424195266284275
R_MDDCP2pp	0.0013655618852077083
R_MDDCP3pp	7.681163942729978e-06
R_MLDCP1App	0.00016763316150331716
R_MLDCP1Bpp	0.001093505454795545
R_MLDCP2App	9.570689327844216e-07
R_MLDCP2Bpp	0.0007721345234833309
R_MLDCP3App	6.334415653613099e-05
R_MLDEP1pp	6.334415653613087e-05
R_MDDCP4pp	0.000685101036599366
R_MDDCP5pp	0.00031458467742431344
R_LPLIPAL1G160pp	2.376999806322009e-05
R_MDDEP1pp	0.0015772640113887323
R_MDDEP2pp	0.00015947492019936343
R_MLDEP2pp	0.00031362760849152916
R_MLTG1	4.996813118470267e-08
R_MLTG2	1.2608816628871306e-07
R_MDDEP3pp	0.0006774198726566361
R_MDDEP4pp	0.001356486684550583
R_LPLIPAL1G161pp	5.570737129225676e-05
R_MDH	0.34831462981626615
R_MLTG3	6.905257873039964e-05
R_MLTG4	6.905257499745358e-05
R_MDH2	0.00592423964508521
R_LPLIPAL1G180pp	4.3906659802886754e-05
R_MDH3	0.0009942174000567526
R_MLTG5	6.905256753081979e-05
R_MLTGY1pp	0.0010962984420246613
R_MLTGY2pp	0.0007954305289358909
R_MLTGY3pp	0.0008173417634015812
R_MLTGY4pp	0.0013564866845505827
R_ME1	0.001307196395125509
R_ME2	0.010586995217141704
R_MECDPDH5	8.934933422059074e-05
R_MECDPS	8.934933422058853e-05
R_MLTP1	-6.90313129365766e-05
R_MLTP2	-6.904130345422588e-05
R_MLTP3	-6.90612864654161e-05
R_MMCD	0.00015660078216939234
R_MMETt2pp	9.977199823821898e-09
R_LPLIPAL1G181pp	0.00010436983697948419
R_MMETtex	9.977199733057773e-09
R_MMM	0.0001566007821693924
R_MOADSUx	6.634465735380048e-06
R_MOAT	0.00010984381277154357
R_MN2t3pp	0.02820789506702445
R_LPLIPAL2A120	0.00045352868955985575
R_MN2tpp	0.025284006014633185
R_MOAT2	0.00010984381277154298
R_LPLIPAL2A140	0.0004410216657861543
R_MOAT3C	0.00010987379441160336
R_MN6PP	0.002562370215762335
R_LPLIPAL2A141	0.00048794397769725097
R_MNLptspp	9.959417648545057e-09
R_MOBDabcpp	1.8474021130450764e-06
R_MOBDtex	1.8474021130643337e-06
R_LPLIPAL2A160	0.0004017194553045828
R_MOCDS	9.439287459126072e-08
R_MOCOS	1.7530093084359086e-06
R_MOGDS	9.439287459126303e-08
R_MOHMT	7.757212459396681e-06
R_MOX	-0.1423696604490801
R_MPTAT	3.317232867689984e-06
R_MPTG	0.002890466731029344
R_MNLtex	9.959417734961562e-09
R_MNNH	3.987850819366091e-08
R_MNt2pp	0.0029327619756946135
R_MNtex	8.872923303426816e-06
R_NDPK6	0.0019064727326951747
R_MPTG2	0.0013655618852077087
R_MPTS	3.317232867690025e-06
R_MPTSS	6.63446573538006e-06
R_MSAR	3.4105641264489365e-05
R_NDPK7	0.0006207604699930425
R_NDPK8	0.001047293061936072
R_LPLIPAL2A161	0.0005046322791932958
R_NH4tex	0.14186399216719914
R_NH4tpp	0.14186566293104508
R_NHFRBO	-9.80657186591036e-09
R_MSO3abcpp	9.837885021156871e-09
R_MSO3tex	9.83788495112492e-09
R_MTAN	9.093080570522408e-05
R_MTHFC	0.0423571969657634
R_MTHFD	0.04235719696576337
R_MTHFR2	0.0021287206675361325
R_NI2abcpp	3.67883260331188e-05
R_NI2t3pp	0.043245667784423535
R_MTHTHFSs	1.8050394586961343e-05
R_MTRPOX	-2.6068035810574508e-20
R_N2Otex	9.879120854705548e-09
R_NI2tex	4.139798556401786e-06
R_LPLIPAL2A180	0.000497235744238868
R_NI2tpp	0.0432461159109411
R_NI2uabcpp	4.0479998072021565e-05
R_N2Otpp	9.879120854705548e-09
R_NACODA	0.002333110106159937
R_NACtex	9.965825720215093e-09
R_NACtpp	9.965825720191745e-09
R_NADDP	0.003074290404841743
R_NADH10	0.0006558847735660708
R_NADH16pp	0.6731015839822773
R_NMNAT	0.002643968394634137
R_NMNDA	0.0004107045319314363
R_NMNN	1.9636926048835877e-05
R_NMNPtpp	1.944777266633668e-08
R_NADH17pp	0.11296191708801491
R_NADH18pp	0.11119188068167912
R_NMNt7pp	-9.462617669921642e-09
R_LPLIPAL2A181	0.0005823915205474079
R_NMNtex	9.985154925118422e-09
R_NNAM	0.0002334524460793683
R_NADH5	0.003908230886552389
R_NADH9	0.0006456073885382154
R_NADK	0.002396079036059234
R_NNATr	0.0006748785931091211
R_NNDMBRT	9.766492387670376e-21
R_NADN	0.00021382498264820238
R_LPLIPAL2ATE120	3.1381386939662684e-09
R_NADPHQR2	0.0004139228279202884
R_NADPHQR3	6.94595319520113e-05
R_NNDPR	3.071164927258908e-05
R_NO2t2rpp	-3.934743198624746e-08
R_NO2tex	-2.1421047158298734e-09
R_NADPHQR4	6.837103097469336e-05
R_NO3R1bpp	-9.782246121911313e-09
R_NADPPPS	0.002390051381250694
R_LPLIPAL2ATE140	3.1858797635236917e-09
R_NADS1	0.0006748785931091159
R_NADTRHD	0.0693167761672075
R_NAMNPP	0.0002334624119050885
R_NAt3_1p5pp	0.01339441441729608
R_NO3R1pp	2.9419933827996758e-09
R_NO3R2bpp	-9.730863728577296e-09
R_NO3R2pp	5.60006676184332e-08
R_NO3t7pp	2.9398088210690553e-08
R_NO3tex	9.88497839138347e-09
R_NODOx	2.0435225885967385e-08
R_NAt3_2pp	0.0064927392583510645
R_NAt3pp	0.13748081625586034
R_NODOy	-5.6629394907118285e-09
R_NAtex	0.0
R_LPLIPAL2ATE141	3.008207502527093e-09
R_NDPK1	0.09201367718186204
R_NDPK2	0.029520032070000646
R_NOVBCNtex	0.038230215084573194
R_NOVBCNtpp	0.03823021508457319
R_NOtex	9.786331078842636e-09
R_NDPK3	0.02157296806309117
R_NOtpp	9.786331078842636e-09
R_NDPK4	0.0004624972543938455
R_LPLIPAL2ATE160	2.7673404295439217e-09
R_NDPK5	0.0011983618830770926
R_NTD1	0.004225537724352432
R_NTD10	0.0016820805320625744
R_NTD10pp	9.98395358403839e-09
R_LPLIPAL2ATE161	2.576961701815146e-09
R_NTD11	0.003203865801408245
R_NTD11pp	9.98528326685922e-09
R_NTD12	0.0007439847773943391
R_NTD12pp	9.98655577236348e-09
R_NTD1pp	9.981867377671611e-09
R_NTD2	0.006105641970181058
R_URIC	0.00011044187208515426
R_NTD2pp	5.992239888253457e-08
R_LPLIPAL2ATE180	2.973536955548385e-09
R_NTD3	0.0015871377063492395
R_NTD3pp	9.983355235836544e-09
R_LPLIPAL2ATE181	2.4897643937047594e-09
R_NTD4	0.002978209218336362
R_NTD4pp	9.981698380911167e-09
R_NTD9pp	9.986496518580199e-09
R_NTP1	0.0002523300329472696
R_NTP10	0.00033073327018923545
R_NTD5	0.003150125010907959
R_LPLIPAL2ATG120	-3.1381386937511882e-09
R_NTD5pp	9.98199599246576e-09
R_NTP11	2.4145334299114662e-20
R_NTP12	2.203201879551761e-20
R_NTD6	0.010532351578543738
R_LPLIPAL2ATG140	-3.1858797632758035e-09
R_NTD6pp	9.987683306457526e-09
R_NTD7	0.0030504907450591996
R_NTP3	0.0002397168049870106
R_NTP3pp	9.789764332522007e-09
R_NTD7pp	9.986543501355228e-09
R_NTP5	0.0002454356492061285
R_LPLIPAL2ATG141	-3.0082075023081163e-09
R_NTPP1	2.332136061435268e-05
R_NTPP10	0.0007439847773943391
R_NTD8	0.0071842670139203625
R_NTD8pp	9.986801419069517e-09
R_NTD9	0.0014431522830553494
R_NTPP11	8.006822061721499e-05
R_NTPP2	2.1302059448284667e-05
R_NTPP3	2.982403496772128e-05
R_NTPP4	2.471776014089757e-05
R_NTPP5	0.00013702119497253654
R_OPMEACPS	1.6978505748873208e-08
R_LPLIPAL2ATG160	-2.7673404292643793e-09
R_ORNDC	0.005690365456323929
R_ORNabcpp	4.3987072587655997e-05
R_NTPP6	1.2604257374762107e-05
R_NTPP7	1.8135859231763107e-05
R_NTPP8	1.3415108065639227e-05
R_ORNtex	9.95782478696583e-09
R_LPLIPAL2ATG161	-2.576961701565024e-09
R_OROTt2_2pp	9.94176781588255e-09
R_OROTtex	9.941767853405281e-09
R_ORPT	-0.004353354823502247
R_NTPP9	0.00018154609100743652
R_NTPTP1	0.0009488254329687292
R_NTPTP2	0.00024198323482878451
R_OXAMTC	0.00011042161876874981
R_LPLIPAL2ATG180	-2.9735369552373167e-09
R_OXCDC	-4.635268402925125e-22
R_OXCOAHDH	1.996614273093572e-08
R_NTRIR2x	-9.802859195448298e-09
R_NTRIR3pp	-8.468395767371643e-09
R_NTRIR4pp	5.555870138343755e-08
R_OXDHCOAT	1.9966142730715154e-08
R_P5CD	0.007659818143251775
R_O16A4COLIPAabctex	1.1361540003856085e-14
R_LPLIPAL2ATG181	-2.4897643934235606e-09
R_O16A4Lpp	1.1360145888397368e-14
R_P5CR	0.0029030314188213764
R_PA120abcpp	0.000221982840511008
R_PA140abcpp	0.00021452164143296142
R_PA141abcpp	0.00024495842812807735
R_O16AP1pp	2.272442447846062e-15
R_O16AP2pp	5.3008397623153285e-15
R_O16AP3pp	8.330136175756332e-15
R_O16AT	3.030690823967628e-15
R_O16AUNDtpp	1.514854835236906e-14
R_PA160abcpp	0.00023231265238841934
R_LPLIPAL2E120	0.0011770003704329208
R_PA161abcpp	0.0002983768552751256
R_PA180abcpp	0.0002518246369004137
R_O16GALFT	9.091312092112741e-15
R_O16GLCT1	6.061192279414104e-15
R_O16GLCT2	1.2120306836469475e-14
R_PA181abcpp	0.0003679328709161933
R_LPLIPAL2E140	0.001162644956248705
R_PACALDt2rpp	1.996614272525843e-08
R_PACALDtex	9.981409698767152e-09
R_PACCOAE	1.9966142731270953e-08
R_O2Stex	0.0
R_O2tex	0.5845365545441907
R_O2tpp	0.5592907784365913
R_OAADC	0.0014687428782460237
R_PACCOAL	1.996614273167315e-08
R_OBTFL	3.156450956890512e-06
R_LPLIPAL2E141	0.0012126313112875947
R_OCBT	0.0039732355119905804
R_OCDCAtexi	9.987650806791127e-09
R_PANTS	7.757212459396666e-06
R_PAPA120	0.0011954142939499045
R_PAPA120pp	0.0008842940015502454
R_PAPA140	0.0011905331278944775
R_OCDCEAtexi	9.9881060574969e-09
R_OCTAtex	9.96824844889943e-09
R_OCTDPS	9.021259641941979e-06
R_OCTNLL	1.6038329443578416e-08
R_PAPA140pp	0.0008977019141353013
R_LPLIPAL2E160	0.0009017277782488371
R_PAPA141	0.0012092507589798202
R_PAPA141pp	0.0008466612012696619
R_OGMEACPD	1.6978505750779687e-08
R_OGMEACPR	1.6978505751414836e-08
R_LPLIPAL2E161	0.001064570776855698
R_OGMEACPS	1.697850575184241e-08
R_OHPBAT	2.9771518255117257e-06
R_PAPA160	0.0012018458761153552
R_PAPA160pp	0.0008667330559256497
R_PAPA161	0.001235946739105133
R_LPLIPAL2E180	0.0012214507785818726
R_PAPA161pp	0.0007755629641842548
R_PAPA180	0.0012130740441827165
R_PAPA180pp	0.0008363582474045809
R_OHPHM	3.007087290463164e-06
R_OMBZLM	3.007087290514083e-06
R_OMCDC	0.005903288954144026
R_PAPA181	0.0012627895266655456
R_PAPA181pp	0.0007059628461670615
R_OMMBLHX	2.98124952358211e-06
R_LPLIPAL2E181	0.001190955705183661
R_OMMBLHX3	2.5837766957414364e-08
R_PAPPT3	0.007146495347266317
R_PAPSR	0.00036616376269643387
R_OMPDC	0.0043533548235022475
R_PAPSR2	0.0029762579908660693
R_PDE1	0.0006713902409772105
R_PDE4	0.0006416838964699558
R_OMPHHX	2.9877466058181197e-06
R_OMPHHX3	1.934068467050476e-08
R_LPLIPAL2G120	0.0005163153540638545
R_OP4ENH	2.994168239997322e-08
R_OPHBDC	3.0070850609846186e-06
R_PDH	0.21883586339663588
R_PDX5PO2	1.0914520873140046e-06
R_PDX5POi	1.8956785457003672e-06
R_PDX5PS	2.977151825454878e-06
R_OPHHX	2.9855595291866038e-06
R_OPHHX3	2.1525531823494987e-08
R_OPMEACPD	1.69785057460757e-08
R_OPMEACPR	1.69785057475876e-08
R_PDXPP	0.004914802826191374
R_LPLIPAL2G140	0.0005029987442845548
R_PE120abcpp	0.0013880214991704488
R_PE140abcpp	0.0013565593997662438
R_LPLIPAL2G141	0.0005522112737017379
R_PE141abcpp	0.0014801041211352473
R_PG120abcpp	0.0015089130458277584
R_PG140abcpp	0.0014959905375912133
R_LPLIPAL2G160	0.00043958202906981485
R_PG141abcpp	0.001547083928559127
R_PG160abcpp	0.0014860766590269491
R_PG161abcpp	0.001598811267615944
R_PE160abcpp	0.0014742965987223457
R_PE161abcpp	0.001702448045597724
R_PG180abcpp	0.0015580108691517136
R_LPLIPAL2G161	0.0005471390527880819
R_PG181abcpp	0.0017075289947941384
R_PE180abcpp	0.0015062483021805377
R_PE181abcpp	0.0019007628568511984
R_PEAMNOpp	9.984733069456237e-09
R_PEAMNtex	9.984733040369065e-09
R_PGAMT	-0.01451267825783753
R_PGCD	0.0574647973455816
R_PGI	0.07621908896788554
R_LPLIPAL2G180	0.0005617608398054327
R_PGK	-0.3089764529782848
R_PGL	0.10997126608898865
R_PGLYCP	-3.4168261594686575e-21
R_PGM	-0.2521307916804313
R_PGMT	-0.009218634345648596
R_PGP120abcpp	0.00022673404408990024
R_PGP140abcpp	0.00022487823531233952
R_PERD	2.9771518254562146e-06
R_PETNT161pp	-4.5531127109085045e-09
R_PETNT181pp	-5.168467829570978e-09
R_PFK	0.08478904302668377
R_PFK_2	9.968252889752958e-09
R_PFK_3	0.05610163301834356
R_PFL	0.0775880110125472
R_PGP141abcpp	0.00023215349150252333
R_PGP160abcpp	0.00022861357314867765
R_PGP161abcpp	0.00024322154430598018
R_LPLIPAL2G181	0.0006269297941633288
R_PGP180abcpp	0.00023369508059880296
R_PGP181abcpp	0.0002558363402290443
R_PLIPA1E181pp	0.0012093720656949113
R_PGPP120	0.0014891194530198058
R_LSERDHr	0.00013430036506334453
R_PGPP120pp	0.0002267340440899001
R_PGPP140	0.0014774965843248743
R_PLIPA1G120pp	0.000536105808733114
R_PLIPA1G140pp	0.0005214895116711311
R_PLIPA1G141pp	0.000576655548646164
R_PLIPA1G160pp	0.0004654421635857731
R_PLIPA1G161pp	0.0005885996803622263
R_PGPP140pp	0.00022487823531233935
R_PGPP141	0.001522636645407199
R_PGPP141pp	0.00023215349150252317
R_PLIPA1G180pp	0.0005876648510452807
R_PLIPA1G181pp	0.0006899271086431302
R_PLIPA2A120pp	5.356849791368951e-05
R_PLIPA2A140pp	4.809185126140563e-05
R_PGPP160	0.0015371735081119331
R_PGPP160pp	0.00022861357314867746
R_PGPP161	0.0016172066302672895
R_PLIPA2A141pp	7.236023379906055e-05
R_LYSDC	-9.821661034181448e-09
R_PLIPA2A160pp	4.3975773571173194e-05
R_PLIPA2A161pp	0.00010283819310113492
R_PLIPA2A180pp	7.83650841593139e-05
R_PLIPA2A181pp	0.0001903795205867654
R_PGPP161pp	0.00024322154430598
R_PGPP180	0.0015321038843749113
R_PGPP180pp	0.00023369508059880274
R_PGPP181	0.0016753821758448964
R_PGPP181pp	0.00025583634022904406
R_PLIPA2E120pp	0.00020659297646143468
R_LYSTRS	7.595443977108131e-21
R_PLIPA2E140pp	0.0001898424858335358
R_PLIPA2E141pp	0.0002617509484641203
R_PGSA120	0.0017158534971097063
R_PGSA140	0.0017023748196372138
R_LYSabcpp	1.233501078199099e-05
R_PGSA141	0.0017547901369097225
R_PGSA160	0.0017657870812606109
R_PGSA161	0.0018604281745732698
R_PGSA180	0.0017657989649737145
R_PGSA181	0.001931218516073941
R_PHEMEabcpp	-9.98241260879924e-09
R_PLIPA2E160pp	0.00013694473295069998
R_PLIPA2E161pp	0.00029273382873465934
R_PLIPA2E180pp	0.00027865911673016026
R_PLIPA2E181pp	0.0005195065349935433
R_PLIPA2G120pp	3.0132932671765454e-05
R_PLIPA2G140pp	2.708547148253934e-05
R_PLIPA2G141pp	4.0574886777606324e-05
R_PLIPA2G160pp	2.3769998063220187e-05
R_PLIPA2G161pp	5.570737129225685e-05
R_PLIPA2G180pp	4.390665980288686e-05
R_PHEMEtiex	-9.982349510423182e-09
R_PHETA1	-0.0024275166928908742
R_PHETRS	1.0151079428925378e-20
R_PLIPA2G181pp	0.0001043698369794843
R_LYSt2pp	0.019080583823540533
R_PMANM	-0.0004531512092388634
R_PMDPHT	6.014170122241662e-06
R_PMEACPE	1.6978505742344562e-08
R_PHEt2rpp	9.980189230596181e-09
R_PHEtex	9.980189119573879e-09
R_PHYTSpp	9.932380666641764e-09
R_PIt2rpp	0.022502270871848695
R_PMPK	0.0020126723165704873
R_PNTK	7.767179350839903e-06
R_PItex	0.012501445780858988
R_LYSt3pp	0.019092899046825235
R_PIuabcpp	0.00020162596967811483
R_PLIPA1A120pp	0.0004535286895598559
R_PLIPA1A140pp	0.00044102166578615444
R_PLIPA1A141pp	0.00048794397769725113
R_PLIPA1A160pp	0.000401719455304583
R_PNTOt4pp	9.966891443246193e-09
R_PNTOtex	9.966891534318734e-09
R_POAACR	3.410564126448938e-05
R_POR5	-0.053368747296625635
R_POX	8.372080367987644e-07
R_PPA	0.001472008720045538
R_PPA2	0.00017365113700472466
R_PPAKr	0.04099686293566844
R_PLIPA1A161pp	0.0005046322791932961
R_PLIPA1A180pp	0.0004972357442388682
R_PLIPA1A181pp	0.000582391520547408
R_PPALtex	9.919501886557214e-09
R_PPALtpp	-9.919501886557214e-09
R_PLIPA1E120pp	0.001181428522709014
R_PPAt4pp	9.89316745870858e-09
R_PPAtex	9.893167396413105e-09
R_PPBNGS	3.6045100000685614e-05
R_PPC	0.013082501660905159
R_PLIPA1E140pp	0.0011667169139327079
R_PLIPA1E141pp	0.0012183531726711269
R_PLIPA1E160pp	0.0009085633611781987
R_PLIPA1E161pp	0.0010762154698946412
R_PLIPA1E180pp	0.0012275891854503771
R_PPCDC	7.767179350839874e-06
R_PPCK	0.0157475819104736
R_PYDXtex	9.976286907686926e-09
R_PPCSCT	0.003035307224551447
R_PPGPPDP	0.0033103093608782873
R_PPK2	-0.0010201546322441968
R_PPK	-0.45943185730260455
R_PPM	-0.043592386648636544
R_PPM2	0.0228737642853033
R_PPNCL2	7.767179350839893e-06
R_PPND	0.0018098306735583932
R_PPNDH	0.002427516692890881
R_PPPGO	-9.68923839264578e-09
R_PPPGO3	6.0138791774429e-06
R_PPPNDO	9.982453974715256e-09
R_PPPNt2rpp	9.982453974544114e-09
R_PPPNtex	9.982453974544114e-09
R_PPS	0.00470276983926737
R_PPTHpp	9.752564094793182e-09
R_PPTtex	9.752564089637872e-09
R_PRAGSr	0.00597717691686811
R_PRAIS	0.005977176916868143
R_PRAIi	0.0007447931890876908
R_PRAMPC	0.0012413363001530884
R_PRASCSi	0.0059741798255725604
R_PRATPP	0.0012413363001530884
R_PRFGS	0.005977176916868143
R_PRMICI	0.0012413363001530509
R_PROD2	6.5677437567598255e-06
R_PROGLYabcpp	9.975861066797423e-09
R_PROGLYtex	9.97586102613468e-09
R_PROTRS	5.423042442580806e-21
R_PROabcpp	0.00025712004276196514
R_PROt2rpp	-0.07061772831042773
R_PROt4pp	0.07036061821767753
R_PROtex	9.950011703452333e-09
R_PRPPS	0.0037688639228445897
R_PSCLYSt2pp	9.98526799967611e-09
R_PSCLYStex	9.98526794582233e-09
R_PSCVT	0.0050151485592001
R_PSD120	0.00138359648503305
R_RNTR4c2	2.7750483723194835e-05
R_RPE	0.04717840401130233
R_RPI	-0.06150671296797375
R_RZ5PP	1.0074941025758868e-20
R_S2FE2SR	-9.090025545007674e-09
R_S2FE2SS	1.2356531480491525e-07
R_S2FE2SS2	1.1432664894494074e-07
R_PSD140	0.001352490627962005
R_PSD141	0.0014743852679592181
R_S2FE2ST	1.4864031497464492e-10
R_S4FE4SR	1.1432664894492364e-07
R_PYDXtpp	9.976286908506328e-09
R_S4FE4ST	1.1432664894489922e-07
R_S7PI	0.0004394951776464184
R_SADH	5.6020759552515124e-05
R_PSD160	0.0016342127710560134
R_PYK	0.06040306520648849
R_PSD161	0.001820501197807797
R_SADT2	0.003342421753562503
R_PYNP2r	0.0021412495285638156
R_SARCOX	-4.650712010830604e-21
R_SBTPD	9.957963070447717e-09
R_SBTptspp	9.957963070697448e-09
R_SBTtex	9.957963120754698e-09
R_PSD180	0.001500112868848989
R_PSD181	0.0019491926260112814
R_SCYSDS	4.6669390195470796e-07
R_PYROX	3.4105641264489385e-05
R_SDPDS	0.004868239095189832
R_SDPTA	-0.004868239095189825
R_SELCYSS	2.054672682837293e-18
R_SELGTHR	1.4407066227545467e-17
R_SELGTHR2	1.1301768238031407e-17
R_SELGTHR3	8.209109563540686e-18
R_PSERT	0.0574647973455816
R_PSERtex	9.903619035966926e-09
R_PSP_L	0.0574647973455816
R_PSP_Lpp	9.903619035956107e-09
R_PSSA120	0.0013835964850330501
R_SELNPS	5.1340483392058685e-18
R_PYRt2rpp	9.538366207983984e-09
R_SELR	8.596118895467538e-09
R_SELtex	8.596118927783891e-09
R_SELtpp	8.596118898589317e-09
R_PSSA140	0.001352490627962005
R_PSSA141	0.0014743852679592181
R_SEPHCHCS	6.014174581008546e-06
R_PSSA160	0.0016342127710560136
R_SERASr	0.0002406843999961522
R_PYRtex	9.538366096961681e-09
R_SERAT	0.0037248971969083694
R_PSSA161	0.001820501197807797
R_PSSA180	0.0015001128688489891
R_PSSA181	0.0019491926260112816
R_PTA2	0.04099686293566844
R_PTAr	0.0005791897629744691
R_SERD_D	0.00013431026956429036
R_SERD_L	0.0006369168718873516
R_PTHRpp	9.950917889071891e-09
R_PTPATi	7.767179350839858e-06
R_SERTRS	2.456359215682937e-21
R_PTRCORNt7pp	-0.004670170878732909
R_QMO2	-5.847939252913282e-09
R_PTRCTA	0.004295959030244242
R_SERTRS2	1.0299231305215992e-18
R_SERt2rpp	-0.08495545658356718
R_SERt4pp	0.084955466694465
R_SERtex	9.783854171274697e-09
R_SFGTHi	1.8689618811463742e-08
R_SGDS	5.602075955251508e-05
R_SGSAD	5.60207595525151e-05
R_PTRCabcpp	8.034202474218516e-05
R_PTRCt2pp	0.004589838811395961
R_PTRCtex	9.957405344707126e-09
R_SHCHCS3	6.014174581008521e-06
R_QMO3	5.847939252913389e-09
R_SHCHD2	3.0070850611207995e-06
R_SHCHF	3.007085061120703e-06
R_PUNP1	-0.014476894014800346
R_PUNP2	0.010326352515575732
R_SHK3Dr	0.0050151385890808975
R_QUIN2tex	9.96053217683368e-09
R_SHKK	0.0050151485592001025
R_SHSL1	0.0021076640596553644
R_SKMt2pp	9.970119206673393e-09
R_SKMtex	9.970119174695924e-09
R_SLNTtex	-8.596118927783891e-09
R_PUNP3	-0.0008662622011031962
R_PUNP4	0.00813311241921405
R_PUNP5	0.0020228439228718864
R_PUNP6	0.0009500237864064065
R_QUIN2tpp	9.96053217683368e-09
R_PUNP7	0.001450662902799188
R_PYAM5PO	0.12645773318757775
R_SLNTtpp	-8.596118878023227e-09
R_SO2tex	0.0
R_SO2tpp	0.0
R_SO3tex	-9.324963912149542e-09
R_SO4t2pp	0.003127888818018709
R_SO4tex	0.0033980694397717226
R_PYDAMK	0.0043489625851780055
R_PYDAMtex	9.978141202182655e-09
R_PYDAMtpp	9.97814120299945e-09
R_PYDXK	0.008536667764712012
R_PYDXNK	0.004914812804998934
R_QUINDH	9.96053217683368e-09
R_PYDXNtex	9.978807558042035e-09
R_PYDXNtpp	9.978807558859225e-09
R_SOTA	5.602075955251511e-05
R_SPMDAT1	4.351321992649419e-20
R_SPMDAT2	4.351321992649419e-20
R_QULNS	3.0711649272589094e-05
R_SPMDabcpp	0.00038081899718543936
R_PYDXPP	0.008536657788425103
R_R15BPK	0.03386398678696792
R_SPMDt3pp	0.0003808090105702283
R_SPMDtex	9.986615312485014e-09
R_R1PK	0.03386398678696792
R_SPMS	9.093080570522408e-05
R_SPODM	0.0
R_THMtex	9.99376559285281e-09
R_THRA2	0.03956014937296654
R_THRA	3.5921317624628303e-05
R_SPODMpp	0.0
R_SSALx	0.0003980303199992063
R_THRD	1.8265552450504656e-06
R_R5PP	0.0006885410470100309
R_THRD_L	0.0038099542762540283
R_THRPtex	9.950917867485032e-09
R_THRS	0.0071717382946591916
R_THRTRS	4.619901161777892e-21
R_THRabcpp	0.00011817163093063625
R_THRt2pp	0.008339943107915908
R_SSALy	0.02199483361489952
R_SUCASPtpp	0.0
R_SUCBZL	6.014174581008479e-06
R_SUCBZS	6.0141745810085e-06
R_SUCCt2_2pp	0.010469270818651654
R_SUCCt2_3pp	0.004371608723643649
R_SUCCt3pp	0.009470069412779013
R_SUCCtex	9.818157398200356e-09
R_SUCDi	0.38046361190026845
R_SUCFUMtpp	0.0
R_SUCMALtpp	0.0
R_THRt2rpp	-0.03404107651802074
R_THRt4pp	0.04226286787667715
R_THRtex	9.930753330777975e-09
R_THYMt3pp	-9.832579677503307e-09
R_SUCOAS	-0.06316129939688564
R_R5PPpp	9.959637470921388e-09
R_SUCRtex	9.983377013966788e-09
R_SUCTARTtpp	0.0
R_THYMtex	9.832579639379446e-09
R_THZPSN3	2.997091295563611e-06
R_R5Ptex	9.959637559120438e-09
R_TKT1	0.026318027389302556
R_SUCptspp	9.983377013932514e-09
R_RBFK	3.0070850611209884e-06
R_SULFACabcpp	9.701900034675306e-09
R_TKT2	0.02086042643128183
R_RBFSa	1.2028340244483252e-05
R_TMAOR1	2.715990154467259e-09
R_TMAOR1pp	4.769426314502055e-09
R_TMAOR2	-2.7159901544671185e-09
R_TMAOR2pp	4.9703995402096706e-09
R_TMAOtex	9.739825834742533e-09
R_SULFACtex	9.701899950087522e-09
R_SULR	0.003342476871496729
R_SULabcpp	0.0002701806217529461
R_T2DECAI	0.009537995170630309
R_TAGURr	-1.9929546953706412e-08
R_TALA	-0.030223100806687442
R_TARTD	9.825221144100628e-09
R_TARTRDtex	9.900270825369262e-09
R_TMAtex	-9.739825834742533e-09
R_TMDK1	0.00315015480502112
R_TMDPP	-9.83257968101281e-09
R_TMDS	0.0003344578377547245
R_TARTRt7pp	9.825221144055957e-09
R_TARTRtex	9.82522108117223e-09
R_TMK	9.993765555412746e-09
R_RBFSb	6.014170122241611e-06
R_TMPK	0.002627943092143194
R_TMPPP	2.99709129556435e-06
R_TARTt2_3pp	9.900270825361053e-09
R_TAUDO	5.852780911094939e-09
R_RBK	0.0028891683250148394
R_TAURabcpp	5.852780911096835e-09
R_TAURtex	5.852780926574042e-09
R_TPI	0.12975338329350816
R_RBK_L1	9.94592876564039e-09
R_TCYNTtex	-9.324963912149542e-09
R_TDP	0.0026249360070820737
R_TDPADGAT	-3.111822681394893e-11
R_TDPAGTA	-3.111863194596017e-11
R_TDPDRE	0.000109873794411602
R_TDPDRR	0.00010987379441160195
R_TPRDCOAS	5.0433548757540337e-20
R_TRDR	0.006799439209416692
R_TRE6PH	0.003568519433484103
R_TRE6PP	0.002814530925436499
R_TDPGDH	0.00010987376329297007
R_TDSK	0.00010984381277154408
R_TRE6PS	0.0063830364541561935
R_RBP4E	3.985095001213246e-08
R_TREH	0.002814530925436499
R_TREHpp	-3.923164349054976e-09
R_TREptspp	1.3904764408860213e-08
R_TDSR1	3.5243427452627283e-09
R_TDSR2	6.4677084340943484e-09
R_TGBPA	9.968252889791529e-09
R_THD2pp	0.2482822039593228
R_THDPS	0.004868239095189824
R_THFAT	0.0967895374769046
R_THIORDXi	2.0915636928458357e-08
R_THMDt2pp_copy1	0.021778938551567102
R_TREtex	9.981599990993573e-09
R_TRPAS2	0.0008083772224536396
R_TRPS1	4.119428092951284e-06
R_TRPS2	0.0015490609620271156
R_TRPS3	0.0007406737609947395
R_TRPTRS	1.2483448197308501e-20
R_THMDt2pp_copy2	-0.02177891859003363
R_THMDtex	9.979537418658424e-09
R_TRPt2rpp	9.98335952795415e-09
R_REPHACCOAI	1.996614273132996e-08
R_TRPtex	9.983359472442999e-09
R_TRSARr	-0.025815756455265765
R_TSULabcpp	-7.734113439892838e-17
R_TSULtex	9.324964134194147e-09
R_TTDCAtexi	9.98375169671461e-09
R_TTDCEAtexi	9.984557928255756e-09
R_TTRCYCtex	0.044827152099250034
R_THMabcpp	9.993765555061019e-09
R_TYMtex	9.897316743945339e-09
R_TYRL	2.9970912955636457e-06
R_TYROXDApp	9.89731674431609e-09
R_TYRPpp	9.981138047950194e-09
R_TYRPtex	9.981138138215329e-09
R_TYRTA	-0.0018098306735584435
R_TYRTRS	9.78174018854108e-21
R_TYRt2rpp	1.9959859487439502e-08
R_TYRtex	9.978721404735325e-09
R_ThDPAT	-3.2889895239546606e-19
R_U23GAAT	0.00021968762554308954
R_UAAGDS	0.0030510985222144157
R_UACGALPpp	9.985223152537562e-09
R_TTRCYCtpp	0.04482715209925015
R_TUNGSabcpp	3.5559119159244443e-19
R_TUNGStex	0.0
R_URIH	0.0010581564058606068
R_URIK2	0.002948404111682735
R_UACGAMPpp	9.990651361948431e-09
R_UACGAMtex	9.990651417268737e-09
R_URIt2pp_copy1	0.021778973104540068
R_UACMAMO	-3.111907693319107e-11
R_UAG2E	-3.111907953545767e-11
R_UAGAAT	0.00021968762554308574
R_URIt2pp_copy2	-0.021778883245787983
R_URItex	9.975968245923283e-09
R_USHD	0.00010984381277154478
R_UAGCVT	0.007146495347266317
R_VALTA	-0.060623194645671896
R_UAGDP	0.01451267825783756
R_RFAMPtex	0.038230215084573194
R_UAGPT3	0.007146495347266357
R_UAMAGS	0.0030510985222144157
R_UAMAS	0.0030510985222144157
R_VALTRS	5.287239928835722e-21
R_VALabcpp	0.0005597996200953426
R_VALt2rpp	-0.0005597896748296277
R_VALtex	9.945265722066665e-09
R_RFAMPtpp	0.03823021508457319
R_VPAMTr	-0.05507851742919892
R_WCOS	3.551034148603487e-19
R_UAPGR	0.007146495347266317
R_UDCPDP	0.007146495325444435
R_UDCPDPS	7.416359284992081e-07
R_X5PL3E	2.99050212466251e-08
R_RHAT1	0.0001098737944116019
R_XAND	0.00011044187208515428
R_XANt2pp	0.03227695836276616
R_UDCPDPpp	9.96505768486924e-09
R_UDCPPtppi	-9.996383422386673e-09
R_RHCCE	1.805039458696134e-05
R_UDPACGALtex	9.985223092812134e-09
R_UDPG4E	-5.984341971965179e-08
R_UDPGALM	9.091898483824523e-15
R_UDPGALPpp	9.98925080050842e-09
R_UDPGALtex	9.98925075990087e-09
R_XANtex	9.96439863953924e-09
R_XANtpp	-0.03227694839836755
R_XMPtex	9.983953663805778e-09
R_XPPT	0.0015981857934521298
R_XTSNH	0.00023143759524432106
R_XTSNt2rpp	1.9965980928033505e-08
R_XTSNtex	9.982027426858053e-09
R_XYLI1	9.958332040926887e-09
R_XYLI2	0.009975093539479792
R_RIBabcpp	1.9906489042952683e-08
R_XYLK	9.958332039907607e-09
R_XYLK2	1.993362201887175e-08
R_UDPGD	-9.988129241875418e-09
R_RIBtex	9.94685156463504e-09
R_UDPGDC	-9.988131463125429e-09
R_UDPGLCURtex	9.98950100417062e-09
R_XYLUt2pp	9.964090409975947e-09
R_UDPGPpp	9.98871690045356e-09
R_XYLUtex	9.964090441627604e-09
R_RMI	9.96456139823465e-09
R_XYLabcpp	-8.913867392608887e-09
R_XYLt2pp	1.8872199432530376e-08
R_UDPGtex	9.98871696467063e-09
R_UDPKAAT	-9.988104759939276e-09
R_XYLtex	9.958331936843479e-09
R_ZN2abcpp	2.2717499294098013e-05
R_UGLCURPpp	9.989501004158662e-09
R_RMK	9.96456139819749e-09
R_UGLT	5.98434288096028e-08
R_ZN2t3pp	0.026708398110364
R_ZN2tpp	0.026703532955701093
R_ZNabcpp	3.1951692171817177e-05
R_Zn2tex	4.36903821476875e-06
R_UGLYCH	3.01925659793563e-08
R_UGMDDS	0.007146495347266317
R_UHGADA	0.00021968762554308967
R_ULA4NFT	-9.988078057396147e-09
R_RMNtex	9.96456139823465e-09
R_ULA4Ntppi	-9.9691825929505e-09
R_UM3PL	0.0025688073746506714
R_UM4PCP	0.00152658945040123
R_UM4PL	0.00152658945040123
R_UMPK	0.017347644029032994
R_UMPtex	9.979055581865737e-09
R_UPLA4FNF	-9.979492909515207e-09
R_RMNtpp	9.964561398216145e-09
R_UPLA4FNT	-9.987086147569016e-09
R_UPP3MT	3.007085061120896e-06
R_UPP3S	9.011275000171336e-06
R_RMPA	9.96456139823465e-09
R_UPPDC1	6.004189939050377e-06
R_UPPRT	0.008881772827044705
R_RNDR1	0.003045872296109351
R_URACPAH	3.410564126448938e-05
R_URAt2pp_copy1	0.05067460708462231
R_RNDR1b	0.00839675114939809
R_URAt2pp_copy2	-0.050674597159628
R_URAtex	9.92499438190464e-09
R_RNDR2	0.0022251341709958257
R_URDGLYCD	0.00011042161876874981
R_UREAtex	-4.1466218935415355e-05
R_RNDR2b	0.006134173365387081
R_UREAtpp	-4.1466218935356375e-05
R_RNDR3	0.0005797711731591009
R_RNDR3b	0.0015983029682152847
R_RNDR4	0.0005074744518665401
R_RNDR4b	0.001398998280828764
R_RNTR1c2	0.0001682005423000503
R_RNTR2c2	0.00011915468383832809
R_RNTR3c2	3.1775724112652306e-05
