,Reaction_ID,forward,reverse
R_EX_etha_e,R_EX_etha_e,4.355992364313347,4.355992364382716
R_EX_drib_e,R_EX_drib_e,4.355992364313645,4.355992364382417
R_EX_csn_e,R_EX_csn_e,4.355992364302349,4.355992364393714
R_EX_5mtr_e,R_EX_5mtr_e,4.35599236430259,4.3559923643934715
R_EX_dtmp_e,R_EX_dtmp_e,4.355992364300273,4.35599236439579
R_EX_6pgc_e,R_EX_6pgc_e,4.355992364304232,4.355992364391831
R_EX_ctbt_e,R_EX_ctbt_e,4.355992364314699,4.355992364381364
R_EX_cu2_e,R_EX_cu2_e,4.355992364314699,4.355992364381364
R_EX_Larab_e,R_EX_Larab_e,4.3559923643011516,4.355992364394912
R_EX_ectoine_e,R_EX_ectoine_e,4.355992364314699,4.355992364381364
R_EX_cys__D_e,R_EX_cys__D_e,4.355992364323032,4.35599236437303
R_EX_cys__L_e,R_EX_cys__L_e,4.355992364303143,4.35599236439292
R_EX_eths_e,R_EX_eths_e,4.3559923643227565,4.355992364373306
R_EX_cyst__L_e,R_EX_cyst__L_e,4.355992364301077,4.355992364394986
R_EX_Lcyst_e,R_EX_Lcyst_e,4.355992364306168,4.355992364389894
R_EX_cytd_e,R_EX_cytd_e,4.3559923643006515,4.355992364395411
R_EX_abt__L_e,R_EX_abt__L_e,4.355992364310001,4.3559923643860605
R_EX_etoh_e,R_EX_etoh_e,4.355992364412174,4.355992364283889
R_EX_dad_2_e,R_EX_dad_2_e,4.355992364299702,4.355992364396361
R_EX_dcyt_e,R_EX_dcyt_e,4.35599236430059,4.3559923643954725
R_EX_fe2_e,R_EX_fe2_e,4.355992364303588,4.355992364392474
R_EX_dextrin_e,R_EX_dextrin_e,4.355992364301143,4.355992364394919
R_EX_dha_e,R_EX_dha_e,4.355992364310073,4.35599236438599
R_EX_ac_e,R_EX_ac_e,4.546080936621644,4.173852103117016
R_EX_acac_e,R_EX_acac_e,4.355992364335843,4.35599236436022
R_EX_fe3_e,R_EX_fe3_e,4.35561288087931,4.35637188087931
R_EX_ferrich_e,R_EX_ferrich_e,4.355992364314699,4.355992364381364
R_EX_diact_e,R_EX_diact_e,4.355992364323032,4.35599236437303
R_EX_djenk_e,R_EX_djenk_e,4.355992364314699,4.355992364381364
R_EX_ferxa_e,R_EX_ferxa_e,4.355992364314699,4.355992364381364
R_EX_fol_e,R_EX_fol_e,4.3559923642989755,4.355992364397087
R_EX_acgam_e,R_EX_acgam_e,4.355992364302543,4.3559923643935194
R_EX_acmana_e,R_EX_acmana_e,4.355992364302114,4.355992364393948
R_EX_acnam_e,R_EX_acnam_e,4.355992364301463,4.3559923643945995
R_EX_for_e,R_EX_for_e,4.575339204173651,4.147161255486727
R_EX_fru_e,R_EX_fru_e,4.3559923643065535,4.355992364389508
R_EX_actn__R_e,R_EX_actn__R_e,4.355992364316785,4.3559923643792775
R_EX_ade_e,R_EX_ade_e,4.355992364300216,4.355992364395846
R_EX_adn_e,R_EX_adn_e,4.355992364299685,4.355992364396378
R_EX_akg_e,R_EX_akg_e,4.877988775872515,3.8898550919410217
R_EX_ala_B_e,R_EX_ala_B_e,4.35599236432581,4.355992364370254
R_EX_ala__D_e,R_EX_ala__D_e,4.355992364313258,4.355992364382804
R_EX_ala_L_Thr__L_e,R_EX_ala_L_Thr__L_e,4.355992364314699,4.355992364381364
R_EX_ala_L_asp__L_e,R_EX_ala_L_asp__L_e,4.355992364314699,4.355992364381364
R_EX_ala__L_e,R_EX_ala__L_e,4.35599236431279,4.355992364383272
R_EX_ala_L_gln__L_e,R_EX_ala_L_gln__L_e,4.3559923643035106,4.355992364392552
R_EX_ala_L_glu__L_e,R_EX_ala_L_glu__L_e,4.355992364314699,4.355992364381364
R_EX_L_alagly_e,R_EX_L_alagly_e,4.355992364304077,4.355992364391986
R_EX_ala_L_his__L_e,R_EX_ala_L_his__L_e,4.355992364300868,4.3559923643951945
R_EX_ala_L_leu__L_e,R_EX_ala_L_leu__L_e,4.3559923643023835,4.35599236439368
R_EX_g6p_e,R_EX_g6p_e,4.355992364303886,4.3559923643921765
R_EX_gal_e,R_EX_gal_e,4.355992364306016,4.355992364390047
R_EX_galctr__D_e,R_EX_galctr__D_e,4.355992364333558,4.355992364362505
R_EX_galt_e,R_EX_galt_e,4.355992364308226,4.355992364387836
R_EX_galur_e,R_EX_galur_e,4.355992364311598,4.355992364384464
R_EX_gam6p_e,R_EX_gam6p_e,4.355992364301553,4.35599236439451
R_EX_gam_e,R_EX_gam_e,4.355992364302912,4.355992364393151
R_EX_gbbtn_e,R_EX_gbbtn_e,4.355992364314699,4.355992364381364
R_EX_glc__D_e,R_EX_glc__D_e,4.355992364305561,4.355992364390502
R_EX_glcn__D_e,R_EX_glcn__D_e,4.355992364310586,4.355992364385477
R_EX_glcr_e,R_EX_glcr_e,4.355992364333558,4.355992364362505
R_EX_glcur_e,R_EX_glcur_e,4.355992364311598,4.355992364384464
R_EX_gln__L_e,R_EX_gln__L_e,4.355992364315833,4.35599236438023
R_EX_glu__D_e,R_EX_glu__D_e,4.355992364833266,4.355992363862791
R_EX_alaala_e,R_EX_alaala_e,4.355992364304762,4.355992364391301
R_EX_alltn_e,R_EX_alltn_e,4.355992364301088,4.355992364394975
R_EX_amp_e,R_EX_amp_e,4.355992364299517,4.3559923643965455
R_EX_amylase_e,R_EX_amylase_e,4.355992364323032,4.35599236437303
R_EX_fum_e,R_EX_fum_e,4.380001342345394,4.332114991567066
R_EX_antim_e,R_EX_antim_e,4.355992364314699,4.355992364381364
R_EX_g1p_e,R_EX_g1p_e,4.355992364303841,4.355992364392222
R_EX_glu__L_e,R_EX_glu__L_e,3.3889620023160925,5.598962002316092
R_EX_arab__D_e,R_EX_arab__D_e,4.355992364307899,4.355992364388165
R_EX_arab__L_e,R_EX_arab__L_e,4.3559923643091905,4.355992364386872
R_EX_arbt_e,R_EX_arbt_e,4.355992364314699,4.355992364381364
R_EX_arg__L_e,R_EX_arg__L_e,4.355992364302281,4.355992364393781
R_EX_argp_e,R_EX_argp_e,4.355992364301135,4.355992364394928
R_EX_arsenb_e,R_EX_arsenb_e,4.355992364314699,4.355992364381364
R_EX_arsna_e,R_EX_arsna_e,4.355992364314699,4.355992364381364
R_EX_arsni2_e,R_EX_arsni2_e,4.355992364314699,4.355992364381364
R_EX_asn__L_e,R_EX_asn__L_e,4.355992364306518,4.355992364389545
R_EX_asp__L_e,R_EX_asp__L_e,4.3559923643225185,4.355992364373543
R_EX_bilea_e,R_EX_bilea_e,4.355992364314699,4.355992364381365
R_EX_btd_RR_e,R_EX_btd_RR_e,4.355992364338037,4.355992364358026
R_EX_glx_e,R_EX_glx_e,4.355992364348679,4.355992364347383
R_EX_buts_e,R_EX_buts_e,4.355992364313495,4.355992364382568
R_EX_ca2_e,R_EX_ca2_e,4.355639828614757,4.3563449286147575
R_EX_cbl2_e,R_EX_cbl2_e,4.355992364314699,4.355992364381364
R_EX_pur_e,R_EX_pur_e,4.355992364314699,4.355992364381364
R_EX_pyr_e,R_EX_pyr_e,4.355992364344528,4.355992364351534
R_EX_cd2_e,R_EX_cd2_e,4.355992364314699,4.355992364381364
R_EX_gly_asn__L_e,R_EX_gly_asn__L_e,4.355992364314699,4.355992364381364
R_EX_cellb_e,R_EX_cellb_e,4.3559923643015175,4.355992364394545
R_EX_cgly_e,R_EX_cgly_e,4.355992364309144,4.3559923643869185
R_EX_raffin_e,R_EX_raffin_e,4.355992364300263,4.355992364395799
R_EX_rib__D_e,R_EX_rib__D_e,4.355992364308101,4.355992364387961
R_EX_gly_asp__L_e,R_EX_gly_asp__L_e,4.355992364314699,4.355992364381364
R_EX_ribflv_e,R_EX_ribflv_e,4.355992364299153,4.35599236439691
R_EX_chitob_e,R_EX_chitob_e,4.355992364323032,4.35599236437303
R_EX_gly_e,R_EX_gly_e,4.3559923643153775,4.355992364380685
R_EX_chol_e,R_EX_chol_e,4.355992364310532,4.35599236438553
R_EX_rmn_e,R_EX_rmn_e,4.355992364308045,4.355992364388017
R_EX_gly_gln__L_e,R_EX_gly_gln__L_e,4.355992364303831,4.355992364392231
R_EX_chols_e,R_EX_chols_e,4.355992364314699,4.355992364381364
R_EX_chor_e,R_EX_chor_e,4.3559923643010565,4.355992364395006
R_EX_cit_e,R_EX_cit_e,4.547508343898095,4.172541981966646
R_EX_salcn_e,R_EX_salcn_e,4.355992364314699,4.355992364381364
R_EX_gly_glu__L_e,R_EX_gly_glu__L_e,4.355992364314699,4.355992364381364
R_EX_sbt__D_e,R_EX_sbt__D_e,4.355992364307985,4.3559923643880785
R_EX_ser__D_e,R_EX_ser__D_e,4.35599236431337,4.3559923643826925
R_EX_citr__L_e,R_EX_citr__L_e,4.3559923643040115,4.355992364392051
R_EX_cmp_e,R_EX_cmp_e,4.355992364300228,4.355992364395835
R_EX_ser__L_e,R_EX_ser__L_e,4.355992364312434,4.355992364383628
R_EX_gly_met__L_e,R_EX_gly_met__L_e,4.355992364300779,4.355992364395283
R_EX_so4_e,R_EX_so4_e,4.337297893026841,4.374767411932737
R_EX_spmd_e,R_EX_spmd_e,4.355992364301194,4.355992364394869
R_EX_co2_e,R_EX_co2_e,4.355992364323535,4.3559923643725265
R_EX_cobalt2_e,R_EX_cobalt2_e,4.355992364314699,4.355992364381364
R_EX_crn_e,R_EX_crn_e,4.355992364314699,4.355992364381364
R_EX_cro4_e,R_EX_cro4_e,4.355992364314699,4.355992364381364
R_EX_srb__L_e,R_EX_srb__L_e,4.355992364303553,4.355992364392509
R_EX_starch_e,R_EX_starch_e,4.355992364301143,4.355992364394919
R_EX_subtilisin_e,R_EX_subtilisin_e,4.355992364323032,4.35599236437303
R_EX_succ_e,R_EX_succ_e,2.99193630535751,6.3419363053575095
R_EX_sucr_e,R_EX_sucr_e,4.355992364301485,4.355992364394578
R_EX_gly_pro__L_e,R_EX_gly_pro__L_e,4.355992364314699,4.355992364381364
R_EX_sula_e,R_EX_sula_e,4.355992364323949,4.355992364372114
R_EX_taur_e,R_EX_taur_e,4.355992364309981,4.355992364386082
R_EX_glyb_e,R_EX_glyb_e,4.355992364310532,4.35599236438553
R_EX_thiog_e,R_EX_thiog_e,4.355992364314699,4.355992364381364
R_EX_glyc3p_e,R_EX_glyc3p_e,4.3559923643069505,4.355992364389111
R_EX_glyc_e,R_EX_glyc_e,4.355992364328551,4.355992364367513
R_EX_glyclt_e,R_EX_glyclt_e,4.456998006986887,4.257275737730478
R_EX_glycogen_e,R_EX_glycogen_e,4.3559923643035106,4.355992364392552
R_EX_gmp_e,R_EX_gmp_e,4.355992364299544,4.355992364396519
R_EX_gsn_e,R_EX_gsn_e,4.355992364299696,4.355992364396366
R_EX_thr__L_e,R_EX_thr__L_e,4.3559923643083724,4.35599236438769
R_EX_gthox_e,R_EX_gthox_e,4.355992364334143,4.355992364361921
R_EX_thym_e,R_EX_thym_e,4.355992364302265,4.3559923643937974
R_EX_gthrd_e,R_EX_gthrd_e,4.355992364309144,4.3559923643869185
R_EX_thymd_e,R_EX_thymd_e,4.35599236430068,4.355992364395382
R_EX_gua_e,R_EX_gua_e,4.3559923643002465,4.355992364395815
R_EX_tmp_e,R_EX_tmp_e,4.3559923643013425,4.355992364394719
R_EX_tre_e,R_EX_tre_e,4.355992364301449,4.355992364394615
R_EX_trp__L_e,R_EX_trp__L_e,4.355992364299864,4.355992364396199
R_EX_h2o2_e,R_EX_h2o2_e,4.355992364311922,4.355992364384141
R_EX_tyr__L_e,R_EX_tyr__L_e,4.35599236430058,4.355992364395483
R_EX_h2o_e,R_EX_h2o_e,4.711046691514675,4.027697180848347
R_EX_ump_e,R_EX_ump_e,4.355992364300453,4.35599236439561
R_EX_ura_e,R_EX_ura_e,4.355992364303016,4.355992364393046
R_3UMPt6,R_3UMPt6,4.355992364395532,4.355992364300532
R_EX_h_e,R_EX_h_e,3.6508796753666912,5.197287000797605
R_5MTRt2,R_5MTRt2,4.3559923643934715,4.35599236430259
R_6PGCt6,R_6PGCt6,4.355992364391831,4.355992364304232
R_EX_urate_e,R_EX_urate_e,4.355992364300535,4.3559923643955285
R_2HXMPt6,R_2HXMPt6,4.355992364364698,4.355992364331366
R_EX_hexs_e,R_EX_hexs_e,4.355992364308032,4.35599236438803
R_2PGLYCt6,R_2PGLYCt6,4.355992364378373,4.355992364317689
R_2PGt6,R_2PGt6,4.355992364384127,4.355992364311936
R_3AMPt6,R_3AMPt6,4.355992364396523,4.355992364299539
R_3CMPt6,R_3CMPt6,4.35599236439576,4.355992364300303
R_EX_urea_e,R_EX_urea_e,4.355992364308092,4.355992364387971
R_EX_uri_e,R_EX_uri_e,4.35599236430096,4.355992364395102
R_EX_val__L_e,R_EX_val__L_e,4.355992364307808,4.355992364388255
R_EX_xan_e,R_EX_xan_e,4.355992364300477,4.3559923643955845
R_EX_xtsn_e,R_EX_xtsn_e,4.355992364299822,4.355992364396241
R_EX_xyl__D_e,R_EX_xyl__D_e,4.355992364307947,4.355992364388116
R_EX_zn2_e,R_EX_zn2_e,4.355992364314699,4.355992364381364
R_3GMPt6,R_3GMPt6,4.355992364396514,4.355992364299548
R_3PGt6,R_3PGt6,4.35599236438456,4.3559923643115015
R_ABTt_1,R_ABTt_1,4.3559923643860605,4.355992364310001
R_F6Pt6_2,R_F6Pt6_2,4.355992364392191,4.355992364303871
R_EX_hg2_e,R_EX_hg2_e,4.355992364314699,4.355992364381364
R_EX_his__L_e,R_EX_his__L_e,4.355992364302118,4.355992364393946
R_EX_hqn_e,R_EX_hqn_e,4.355992364314699,4.355992364381364
R_EX_hxan_e,R_EX_hxan_e,4.35599236430043,4.355992364395632
R_PHEt2r,R_PHEt2r,4.355992364395533,4.355992364300529
R_ACACt2,R_ACACt2,4.35599236436022,4.355992364335843
R_EX_icit_e,R_EX_icit_e,4.676180365621309,4.057728315562406
R_2S6HCCi,R_2S6HCCi,3.7470983764492702,3.7470398564492697
R_26DPAi,R_26DPAi,4.355992364348031,4.355992364348031
R_3AMBAt2,R_3AMBAt2,4.493098477370946,4.493098477337614
R_FDH,R_FDH,4.410000121063839,4.3026460220778935
R_FDMO_1,R_FDMO_1,2.8573419580656254,2.8573419580240964
R_EX_ile__L_e,R_EX_ile__L_e,4.3559923643064,4.355992364389663
R_AAMYL_1,R_AAMYL_1,3.5874661536606944,3.5874661535669183
R_EX_inost_e,R_EX_inost_e,4.355992364307777,4.355992364388285
R_EX_ins_e,R_EX_ins_e,4.3559923642998,4.355992364396263
R_EX_istnt_e,R_EX_istnt_e,4.355992364317004,4.35599236437906
R_ABTA,R_ABTA,2.8127561629855586,2.981517976736531
R_EX_k_e,R_EX_k_e,4.278990874688575,4.434379514688575
R_EX_lac__L_e,R_EX_lac__L_e,4.366875726841216,4.34513612595605
R_EX_lanth_e,R_EX_lanth_e,4.355992364314699,4.355992364381364
R_FBA,R_FBA,8.790534347188267,8.656926558693373
R_EX_lcts_e,R_EX_lcts_e,4.355992364301741,4.3559923643943215
R_FBA2,R_FBA2,8.666831179723935,8.780488355803463
R_FBP,R_FBP,3.7191753130253606,4.19229136784112
R_FCLT_2,R_FCLT_2,4.214351626313441,4.214351626257887
R_FDMO1,R_FDMO1,2.8573419580701365,2.8573419580195862
R_FDMO2_1,R_FDMO2_1,2.857341958079398,2.8573419580103243
R_FDMO3_1,R_FDMO3_1,2.8573419580648602,2.8573419580248616
R_AB6PGH,R_AB6PGH,6.351046004032566,6.351046004032566
R_ABUTD,R_ABUTD,11.017900215831272,11.017900215831272
R_MACCOAT,R_MACCOAT,3.6786372297430106,3.9152253640806554
R_ACACT2r,R_ACACT2r,3.8152572193419485,3.7750256297596003
R_ACACT3r,R_ACACT3r,3.815257219341948,3.7750256297596
R_ACACT4r,R_ACACT4r,3.8152572193419485,3.7750256297596008
R_ACACT5r_1,R_ACACT5r_1,3.8152572193419485,3.7750256297596008
R_ACACT6r_1,R_ACACT6r_1,3.815257219341948,3.7750256297596008
R_ACACT7r,R_ACACT7r,3.8087887543617387,3.7814367548338197
R_FDMO4_1,R_FDMO4_1,2.857341958124774,2.857341957964948
R_FDMO5_1,R_FDMO5_1,2.857341958068944,2.8573419580207786
R_FDMO6_1,R_FDMO6_1,2.857341958075889,2.857341958013833
R_ACACT1r,R_ACACT1r,3.5814467654382693,3.541215175949372
R_ACCOAC,R_ACCOAC,4.354421799198379,4.357563495973555
R_EX_leu__L_e,R_EX_leu__L_e,4.355992364306225,4.355992364389838
R_ACGApts,R_ACGApts,4.3559923643935194,4.355992364302544
R_ACGK,R_ACGK,4.830424596652756,4.8918211612334765
R_FE2abc,R_FE2abc,4.3559923643869185,4.355992364309143
R_EX_lipt_e,R_EX_lipt_e,4.355992364314699,4.355992364381364
R_ACGS,R_ACGS,4.732447186713163,4.811990843746979
R_EX_lys__L_e,R_EX_lys__L_e,4.3559923643029,4.355992364393163
R_FOLD3,R_FOLD3,4.388230360685858,4.388149620783969
R_ACMANAt2,R_ACMANAt2,4.355992364393948,4.355992364302114
R_ACNAMt2,R_ACNAMt2,4.3559923643945995,4.355992364301463
R_EX_madg_e,R_EX_madg_e,4.355992364323031,4.35599236437303
R_ACNPLYS,R_ACNPLYS,4.355992364301463,4.3559923643945995
R_EX_mal__D_e,R_EX_mal__D_e,4.355992364700036,4.355992363996025
R_ALLTNt2r,R_ALLTNt2r,4.355992364394975,4.355992364301088
R_EX_mal__L_e,R_EX_mal__L_e,4.572956866673361,4.149321769584441
R_ACt2r,R_ACt2r,4.173852103117016,4.546080936621644
R_ADEt2,R_ADEt2,4.355992364395846,4.355992364300216
R_ACKr,R_ACKr,4.29289449842063,4.655076579853236
R_ACLDC,R_ACLDC,3.2451825738780826,3.0670004154490216
R_ALLTAHr,R_ALLTAHr,4.22298805353916,4.493185686934702
R_EX_malt_e,R_EX_malt_e,4.3559923643015495,4.355992364394513
R_AMPt6,R_AMPt6,4.3559923643965455,4.355992364299517
R_ACODA_1,R_ACODA_1,3.852335145974214,3.93187880300803
R_ACOAD20,R_ACOAD20,11.173675389202234,11.291969456371056
R_EX_malttr_e,R_EX_malttr_e,4.355992364300287,4.355992364395776
R_EX_man1p_e,R_EX_man1p_e,4.3559923643029155,4.355992364393146
R_ACONT,R_ACONT,4.760259359015549,5.576516467943041
R_ACOAD2,R_ACOAD2,7.196660873645496,7.156429284063147
R_EX_man6p_e,R_EX_man6p_e,4.3559923643029155,4.355992364393146
R_ACOAD1,R_ACOAD1,18.429310004527434,18.389078415014158
R_ACOADH2,R_ACOADH2,11.196132504949988,11.269320111609401
R_ARABDI,R_ARABDI,4.355992364388165,4.355992364307899
R_ARAB_Dt,R_ARAB_Dt,4.355992364388165,4.355992364307899
R_ACOTA,R_ACOTA,4.806044657471244,4.7446480928905235
R_ARGKr,R_ARGKr,4.355992364301135,4.355992364394928
R_EX_man_e,R_EX_man_e,4.355992364305715,4.355992364390348
R_ARGPt6,R_ARGPt6,4.355992364394928,4.355992364301135
R_ACPS1,R_ACPS1,3.35095787653907,3.379511966285335
R_EX_3ump_e,R_EX_3ump_e,4.355992364300532,4.355992364395532
R_EX_mbdg_e,R_EX_mbdg_e,4.355992364323031,4.35599236437303
R_APATi,R_APATi,4.8290681216091995,4.735103921698885
R_EX_melib_e,R_EX_melib_e,4.3559923643015015,4.35599236439456
R_EX_meoh_e,R_EX_meoh_e,4.355992364323031,4.35599236437303
R_EX_met__D_e,R_EX_met__D_e,4.355992364314699,4.355992364381364
R_APRAUR,R_APRAUR,4.182956692538485,4.182956692636242
R_APSR,R_APSR,5.219667323678157,5.210751894518525
R_ACPpds,R_ACPpds,4.15668208912311,4.185236178869374
R_ACS,R_ACS,4.798122006651207,4.7836806023702065
R_EX_met_L_ala__L_e,R_EX_met_L_ala__L_e,4.355992364314699,4.355992364381364
R_ALKP,R_ALKP,7.008549009573463,7.00854900964938
R_APTA1i,R_APTA1i,4.884580013583492,4.790615813673178
R_EX_met__L_e,R_EX_met__L_e,4.355992364301856,4.355992364394206
R_ALCD19_L,R_ALCD19_L,7.882873004605384,7.882873004605384
R_ACS2,R_ACS2,4.734715715390061,4.847742620832744
R_ACTD2,R_ACTD2,4.445994417483661,4.267812258972118
R_ACTNabc,R_ACTNabc,3.922444574192491,4.8374601907957056
R_ACTNabc1,R_ACTNabc1,3.9224445741645084,4.837460190830216
R_ALCD2y,R_ALCD2y,6.546316922285886,6.54631692241417
R_ADADir,R_ADADir,3.7054491043167546,4.080802507962381
R_EX_metox__R_e,R_EX_metox__R_e,4.355992364302105,4.355992364393959
R_ADNK1,R_ADNK1,3.6615866440946045,4.129686790946283
R_ADCL,R_ADCL,4.3096303633646285,4.30954962346274
R_ADD,R_ADD,3.860851901260073,3.8729897499362376
R_ALLTN,R_ALLTN,3.148447710665761,3.4186453440613036
R_ALTRH,R_ALTRH,2.867555722010486,2.8675557219376198
R_EX_metox_e,R_EX_metox_e,4.355992364302105,4.355992364393959
R_ARABRr,R_ARABRr,7.487739828129122,7.487739828205181
R_ARAI,R_ARAI,2.9812657246266503,2.981265724191628
R_ARBTpts,R_ARBTpts,4.355992364364698,4.355992364331366
R_ADCS,R_ADCS,4.3560327344860434,4.355951994584156
R_ADK1,R_ADK1,4.790617195652302,5.677429501212599
R_EX_mg2_e,R_EX_mg2_e,4.344818193429791,4.367195273429791
R_AMAA,R_AMAA,4.355992364348031,4.355992364348031
R_ADK2,R_ADK2,5.215207704022859,5.215207703929482
R_AMAOTr,R_AMAOTr,5.005410452791641,5.005410452791641
R_EX_mn2_e,R_EX_mn2_e,4.355992364314699,4.355992364381364
R_AMMQT7,R_AMMQT7,4.731848538898409,4.731790018898408
R_ANPRT,R_ANPRT,4.212171018682662,4.200217098778998
R_ADMDC,R_ADMDC,5.215207703929334,5.215207704023007
R_EX_mnl_e,R_EX_mnl_e,4.355992364307439,4.355992364388624
R_ADNt2,R_ADNt2,3.230745211262572,3.2307452111658796
R_ADPDA,R_ADPDA,4.280696302141303,4.186732102230989
R_ADPRDP,R_ADPRDP,4.0170617140629306,4.0170617140629306
R_ANS,R_ANS,4.361973424861855,4.3500195049581905
R_ANTIMt1,R_ANTIMt1,3.5967878098814863,3.5967878099148187
R_EX_mobd_e,R_EX_mobd_e,4.355992364314699,4.355992364381364
R_AOXSr,R_AOXSr,5.078635833669483,5.078635833669482
R_ARBabc,R_ARBabc,4.212874747868839,4.503971898964499
R_ARBt2r,R_ARBt2r,2.99645996592617,2.7053628144715463
R_ARGDC,R_ARGDC,3.740777866900491,3.7407778669941654
R_ADPT,R_ADPT,4.708379028994116,4.508261948196721
R_ADSK,R_ADSK,5.2295042910842415,5.200950201337977
R_ADSL2r,R_ADSL2r,4.66484511814275,4.894969753175382
R_ADSL1r,R_ADSL1r,4.642664003915746,4.91835630088621
R_ADSS,R_ADSS,4.50804786069427,4.783740157664735
R_AGDC,R_AGDC,3.6076024436267433,3.607602443535768
R_ARGN_1,R_ARGN_1,3.7712566718717966,3.9175595146862947
R_ARGSL,R_ARGSL,5.042355594917055,5.14619381801052
R_ARGSS,R_ARGSS,4.930227808584868,5.034066031678334
R_AGMT,R_AGMT,3.7023122392485073,3.7023122393421817
R_AGPATr_BS,R_AGPATr_BS,4.550744768715368,4.527072768693476
R_EX_mops_e,R_EX_mops_e,4.355992364314699,4.355992364381364
R_AGPR,R_AGPR,4.637284089700504,4.575887525119784
R_AHCYSNS,R_AHCYSNS,4.532712674650065,4.587861610020589
R_ASNt2r,R_ASNt2r,4.355992364389545,4.355992364306518
R_EX_mso3_e,R_EX_mso3_e,4.355992364327267,4.355992364368796
R_ASPt2r,R_ASPt2r,4.355992364373543,4.3559923643225185
R_AHMMPS_1,R_AHMMPS_1,5.178313790142219,5.178313790142219
R_AHSERL3,R_AHSERL3,5.0991859880082515,5.0991859880082515
R_AHSERL4,R_AHSERL4,5.0991859880082515,5.0991859880082515
R_EX_na1_e,R_EX_na1_e,4.355992364314699,4.355992364381364
R_AICART,R_AICART,4.64790277932966,5.163809562173623
R_AKGDH,R_AKGDH,4.190267144239393,4.528272023024595
R_EX_nac_e,R_EX_nac_e,4.355992364302626,4.355992364393437
R_AIRC1,R_AIRC1,4.242449451276811,4.472574086309443
R_ATPM,R_ATPM,3.9224445741784995,4.83746019081296
R_BIOMASS_BS_10,R_BIOMASS_BS_10,4.467381034320774,4.247381034320774
R_EX_nh4_e,R_EX_nh4_e,4.3559923643209215,4.355992364375141
R_BTDt6_RR,R_BTDt6_RR,4.355992364358026,4.355992364338037
R_CHORt2,R_CHORt2,4.355992364395006,4.3559923643010565
R_ALAALAr,R_ALAALAr,4.445123756110142,4.422724016110142
R_AKGt2r,R_AKGt2r,6.71128098334224,7.699414667273733
R_EX_ni2_e,R_EX_ni2_e,4.355992364314699,4.355992364381364
R_AKP1,R_AKP1,7.008589379678633,7.008508639776744
R_ALAD_L,R_ALAD_L,4.597788242141045,4.40807956134876
R_ALAR,R_ALAR,4.064751425083767,4.142414412491811
R_ALATA_L,R_ALATA_L,4.450984931623609,4.644148804574797
R_CITRt2r,R_CITRt2r,4.355992364392051,4.3559923643040115
R_CMPt6,R_CMPt6,4.355992364395835,4.355992364300228
R_CO2t,R_CO2t,4.3559923643725265,4.355992364323535
R_DALAt2r,R_DALAt2r,9.984764454507763,9.98476445426514
R_ARSNAt1,R_ARSNAt1,3.5967878098814863,3.5967878099148187
R_ALAt2r,R_ALAt2r,9.984764454421692,9.98476445435121
R_EX_no2_e,R_EX_no2_e,4.4542772258059635,4.259876185597106
R_ALCD19y,R_ALCD19y,7.926145898610028,7.839836359514082
R_ARSt1,R_ARSt1,10.903574015315563,10.903574015348894
R_ARGabc,R_ARGabc,4.100932147458137,4.626916221966629
R_EX_no3_e,R_EX_no3_e,4.398466745018872,4.313928143198213
R_ARGt2r,R_ARGt2r,11.147469149794176,10.621485075194185
R_ARSENBabc,R_ARSENBabc,4.183941165863038,4.535118618080386
R_CYSGLYt2ir,R_CYSGLYt2ir,4.543987540296543,4.175774979572266
R_CYSTabc,R_CYSTabc,4.355992364394986,4.355992364301077
R_ARSENBt2,R_ARSENBt2,4.150215351641883,3.799037899391203
R_EX_o2_e,R_EX_o2_e,4.305955773193783,4.406610396786449
R_ASAD,R_ASAD,5.26857251213391,5.162383422259541
R_ASNN,R_ASNN,3.6438109421928258,3.7195070730188147
R_ASNS1,R_ASNS1,12.538701170012708,12.581840160921722
R_CYSabc,R_CYSabc,4.35599236439292,4.355992364303143
R_DEXTRINt2,R_DEXTRINt2,4.355992364441807,4.355992364254255
R_ASP1DC,R_ASP1DC,4.607646427341142,4.607646427469614
R_EX_orn__L_e,R_EX_orn__L_e,4.355992364307467,4.355992364388595
R_ASPCT,R_ASPCT,4.078374229265537,4.051539730392999
R_ASPK,R_ASPK,13.531172545812316,13.637361635686684
R_DHAt,R_DHAt,4.35599236438599,4.355992364310073
R_EX_pala_e,R_EX_pala_e,4.355992364301512,4.35599236439455
R_EX_4abut_e,R_EX_4abut_e,4.441190475321574,4.2724286615706015
R_ASPO6,R_ASPO6,5.041446900613079,5.03763782070389
R_ASPO1,R_ASPO1,5.1797126498653085,4.903164575791535
R_ASPT,R_ASPT,3.7123452123329193,3.679672406576671
R_ASPTA,R_ASPTA,5.1717902223104355,4.860930655685937
R_EX_pep_e,R_EX_pep_e,4.3559923643079745,4.355992364388088
R_ATPPRT,R_ATPPRT,4.246648859955543,4.532431007766874
R_DADK,R_DADK,5.151502304421925,5.27970090827019
R_EX_phe__L_e,R_EX_phe__L_e,4.355992364300529,4.355992364395533
R_DADNt2,R_DADNt2,3.230745211262555,3.230745211165896
R_ATPS4r,R_ATPS4r,4.459605099752634,4.254786927055686
R_BETALDHx,R_BETALDHx,3.073910541275316,3.073910541300315
R_BG_CELLB,R_BG_CELLB,3.695965916822889,3.8321578800902727
R_CYSS_2,R_CYSS_2,5.0462324378907555,5.152695215753475
R_EX_pi_e,R_EX_pi_e,4.1904363057335905,4.528089223620032
R_DHPPDA,R_DHPPDA,4.182956692538485,4.182956692636242
R_BG_MADG,R_BG_MADG,3.7634458827911814,3.7634458827911814
R_BG_MBDG,R_BG_MBDG,3.7634458827911814,3.7634458827911814
R_BILEt4,R_BILEt4,4.267122143835539,4.267122143802206
R_DDPA,R_DDPA,5.252933695697433,5.177752656175736
R_EX_pnto__R_e,R_EX_pnto__R_e,4.355992364306015,4.3559923643900476
R_CRNabc,R_CRNabc,4.355992364364698,4.355992364331366
R_BTDD_RR,R_BTDD_RR,4.796378288666014,4.796378288646023
R_EX_ppa_e,R_EX_ppa_e,4.609921103567105,4.116050806938125
R_BLACT,R_BLACT,7.345278003629837,7.345278003629837
R_CTPS1,R_CTPS1,4.166083858846016,4.308489815188747
R_BTS_1,R_BTS_1,4.925002225824925,4.925002225824925
R_CPPPGO,R_CPPPGO,7.5921258750991605,7.592125875043608
R_EX_ppi_e,R_EX_ppi_e,4.355992364306318,4.355992364389744
R_CRO4t3,R_CRO4t3,6.25713557967086,6.257135579704192
R_CS,R_CS,8.370803060206038,8.81209380720208
R_EX_pro__L_e,R_EX_pro__L_e,4.355992364313923,4.35599236438214
R_CTPS2,R_CTPS2,4.195137220476817,4.278651431816611
R_CYOR3m,R_CYOR3m,4.6150769462493555,4.111452463144537
R_BUTKr,R_BUTKr,4.107447649018615,4.107447648949542
R_BUTSabc,R_BUTSabc,4.355992364382568,4.355992364313495
R_EX_prolb_e,R_EX_prolb_e,4.355992364314699,4.355992364381364
R_CA2abc1,R_CA2abc1,3.477831553630242,4.0068479800121946
R_CAT,R_CAT,11.321022343423806,11.24826638883237
R_CAt4,R_CAt4,3.252971611517079,3.1650057779715652
R_CYOO3,R_CYOO3,4.6150769462493555,4.111452463144537
R_CYSTGL,R_CYSTGL,3.3387420542435113,3.3734683306243887
R_CYSTL,R_CYSTL,4.536350424736575,4.617439609181642
R_CYSTS,R_CYSTS,3.529301925187304,3.603436675841822
R_DCYTD,R_DCYTD,5.100451337785999,5.172473516890998
R_CYTB_B2,R_CYTB_B2,4.416919986922459,4.295905186065909
R_CYTB_B3,R_CYTB_B3,4.600235153146035,4.124717290871961
R_CBL2abc,R_CBL2abc,4.355992364364698,4.355992364331366
R_CD2t4,R_CD2t4,3.491190677257258,3.1529864228318516
R_CBPS,R_CBPS,4.317660654516321,4.394664378825287
R_CYTD,R_CYTD,5.14001444907928,5.132660565499982
R_EX_pser__D_e,R_EX_pser__D_e,4.355992364306111,4.355992364389951
R_EX_pser__L_e,R_EX_pser__L_e,4.355992364305594,4.3559923643904686
R_DJENKabc,R_DJENKabc,4.355992364364698,4.355992364331366
R_CYTDK1,R_CYTDK1,4.358504128287244,4.68844774695454
R_CD2abc1,R_CD2abc1,6.578002917922384,6.916207172381123
R_CDGPT_BS,R_CDGPT_BS,3.965540597545363,3.9609645975422407
R_CDPDSP_BS,R_CDPDSP_BS,4.002894224277682,3.9905742242767777
R_CDPMEK,R_CDPMEK,4.290781582362156,4.290371942295489
R_CHCOAL,R_CHCOAL,5.0594565411927395,5.0594565411927395
R_CYTDK2,R_CYTDK2,4.485645193703903,4.55555844876955
R_DCYTt2,R_DCYTt2,11.197823919231636,11.197823919136754
R_CHOLD2,R_CHOLD2,3.132473627188466,3.132473627188466
R_DTMPt6,R_DTMPt6,4.35599236439579,4.355992364300273
R_CHORM,R_CHORM,14.586873880750495,14.523786020940403
R_CHORS,R_CHORS,5.020865098668371,4.945684059146673
R_CYTK1,R_CYTK1,4.731236148284286,4.490776944771334
R_CYTK2,R_CYTK2,4.668114004750262,4.55150114015274
R_CYTOM,R_CYTOM,2.876033202603434,2.9312406579961796
R_CITt10,R_CITt10,3.4275742939504372,3.35350715354748
R_CITt11,R_CITt11,3.5516189699583935,3.236381777241426
R_CITt12,R_CITt12,3.390338466022419,3.3903384659890867
R_D4DGCD,R_D4DGCD,2.9944291661353883,2.9944291661353883
R_Cut1,R_Cut1,7.285903028223604,7.285903028256937
R_DAAOP,R_DAAOP,4.858656701483942,4.858656701397402
R_DAGK_BS,R_DAGK_BS,4.028788491949154,4.483388796311144
R_DALAOX,R_DALAOX,4.982065018514434,5.137266785763976
R_CITt13,R_CITt13,3.390338466022419,3.3903384659890867
R_CLPNS2_BS,R_CLPNS2_BS,9.96623464501995,9.966124645019116
R_CITt14,R_CITt14,6.31953606919996,6.759881562036399
R_CITt2r,R_CITt2r,7.1447857923983245,7.139648585769485
R_DAPDC,R_DAPDC,4.5895425705819255,4.517978110671611
R_DAPE,R_DAPE,4.213130784819782,4.119166584909467
R_ETHAAL,R_ETHAAL,4.355992364382716,4.355992364313347
R_DB4PS,R_DB4PS,4.278641368722787,4.278641368918299
R_DBTS,R_DBTS,4.965964579712032,4.965964579712032
R_FOLt,R_FOLt,4.355992364397087,4.3559923642989755
R_FORAMD,R_FORAMD,4.206757071916833,4.510521799542011
R_DCMPDA,R_DCMPDA,4.333754078573213,4.378344763970852
R_ETOHt3,R_ETOHt3,4.355992364412174,4.355992364283889
R_CMPDAi,R_CMPDAi,4.319089896939044,4.393210127834055
R_FRTT,R_FRTT,4.356021624446304,4.355963104446303
R_EX_2ddglcn_e,R_EX_2ddglcn_e,4.355992364310392,4.355992364385671
R_DDGLCNt2r,R_DDGLCNt2r,3.467594170576732,3.4675941705014535
R_DDGLK,R_DDGLK,3.63381334293156,3.6338133427105497
R_EX_2hxmp_e,R_EX_2hxmp_e,4.355992364314699,4.355992364381364
R_DGK1,R_DGK1,5.212601468343942,5.172915074786373
R_DGNSK,R_DGNSK,3.8396031342109773,4.238235860766286
R_G1Pt6_2,R_G1Pt6_2,4.355992364392222,4.355992364303841
R_DHAD1,R_DHAD1,4.931528352550516,4.918580666194211
R_G3POA_BS,R_G3POA_BS,4.367844444579842,4.3441724445577385
R_EX_2pg_e,R_EX_2pg_e,4.355992364311936,4.355992364384127
R_DHAD2,R_DHAD2,4.920965996940245,4.929137901933383
R_DHBD,R_DHBD,4.012116545769355,4.012116545769355
R_DHBS,R_DHBS,4.014744839999064,4.014744839999064
R_EX_2pglyc_e,R_EX_2pglyc_e,4.355992364317689,4.355992364378373
R_DHDPRy,R_DHDPRy,4.1690251301035515,4.075060930193237
R_DHDPS,R_DHDPS,4.992968647196649,4.899004447286334
R_G5SADs,R_G5SADs,4.212655542217756,4.5042062632704996
R_G6Pt6_2,R_G6Pt6_2,4.3559923643921765,4.355992364303886
R_GALTpts,R_GALTpts,4.355992364387836,4.355992364308226
R_FOLR2,R_FOLR2,4.16688495955023,4.166884959452118
R_DHFR,R_DHFR,4.197157116605283,4.136831141494287
R_DHFS,R_DHFS,4.077337488740695,4.077256748838807
R_DHNAOT7,R_DHNAOT7,4.13104750692161,4.13098898692161
R_EX_3amba_e,R_EX_3amba_e,4.355992364314699,4.355992364381365
R_EX_3amp_e,R_EX_3amp_e,4.355992364299539,4.355992364396523
R_GAM6Pt,R_GAM6Pt,4.35599236439451,4.355992364301553
R_EX_3cmp_e,R_EX_3cmp_e,4.355992364300303,4.35599236439576
R_GGTT,R_GGTT,4.356021624446304,4.355963104446303
R_GCALDD,R_GCALDD,11.017940585887203,11.017859845923258
R_EX_3gmp_e,R_EX_3gmp_e,4.355992364299548,4.355992364396514
R_GAPD,R_GAPD,5.214331937648349,5.206204580416199
R_G1Dx,R_G1Dx,3.674729711778014,3.674729711778014
R_GALt2,R_GALt2,2.847193594947228,2.8471935948631972
R_DHNPA_1,R_DHNPA_1,4.416461531188911,4.416380791287022
R_DHORTS,R_DHORTS,4.2049313676262905,4.231765866498829
R_DHORDi,R_DHORDi,4.369430277520642,4.3425957786481035
R_EX_3pg_e,R_EX_3pg_e,4.3559923643115015,4.35599236438456
R_GK1,R_GK1,5.180461307286389,5.205008418173928
R_ETHSabc,R_ETHSabc,4.355992364373306,4.3559923643227565
R_GBBTNabc,R_GBBTNabc,4.355992364364698,4.355992364331366
R_GK2,R_GK2,5.194018198527627,5.191422841393524
R_GLCRAL_1,R_GLCRAL_1,4.355992364376979,4.355992364319083
R_GLU_Dt2,R_GLU_Dt2,4.355992363862791,4.355992364833266
R_DINSK,R_DINSK,4.03399847477952,4.03399847477952
R_GLXt2,R_GLXt2,4.355992364347383,4.355992364348679
R_GLYCOGENt,R_GLYCOGENt,4.355992364392552,4.3559923643035106
R_FE3t,R_FE3t,4.496604877136049,4.219776919857727
R_DHQTi,R_DHQTi,3.87228627398831,3.7971052344666125
R_FEDCabc,R_FEDCabc,4.220144383632507,4.496213340910829
R_GLYt2r,R_GLYt2r,4.355992364380685,4.3559923643153775
R_FERXAabc,R_FERXAabc,4.355992364364698,4.355992364331366
R_GMPt6,R_GMPt6,4.355992364396519,4.355992364299544
R_DHQS,R_DHQS,5.012923216612988,4.93774217709129
R_H2Ot,R_H2Ot,4.090996213933647,4.638153761578197
R_FFSD,R_FFSD,3.235945084972997,3.235945084879904
R_FGLU_1,R_FGLU_1,2.855914114178033,3.159678841803211
R_FLVR_1,R_FLVR_1,11.29516992875486,11.29516992875486
R_FMETDF,R_FMETDF,4.253258453795225,4.253258453795225
R_FMNRy,R_FMNRy,3.7990280000867522,3.7990279996155527
R_HCO3E,R_HCO3E,3.9000193755439816,4.865275695101442
R_HEMECS,R_HEMECS,4.355992364353587,4.355992364342476
R_HEMEDS,R_HEMEDS,4.355992364353587,4.355992364342476
R_FMETTRS_1,R_FMETTRS_1,4.210570132196622,4.210570132196622
R_FMNAT,R_FMNAT,4.314542059257713,4.314542059257713
R_FORt2,R_FORt2,2.851017810149768,3.2791957588366913
R_GSNt2,R_GSNt2,3.230745211262561,3.2307452111658903
R_DIPEPabc1,R_DIPEPabc1,4.355992364364698,4.355992364331366
R_GLYBt2r,R_GLYBt2r,4.150215351646309,3.799037899387152
R_GLYO1,R_GLYO1,5.125837086855686,4.99317413145311
R_FTHFD,R_FTHFD,4.286291689962649,4.124036759454345
R_HEX7,R_HEX7,7.883308793891221,7.970449159202812
R_FUM,R_FUM,5.634080431791947,4.686053881170903
R_DKI,R_DKI,3.9048960388652607,3.9048960388652607
R_FUMt2r,R_FUMt2r,7.895154632260773,7.9430409830391016
R_GTPCII,R_GTPCII,4.278641368771664,4.278641368869421
R_G1PACT,R_G1PACT,5.031739612791216,4.9598053328495375
R_GRTT,R_GRTT,3.9360494325392383,3.9359909125170165
R_G1PPDM,R_G1PPDM,3.231717281543154,3.231717281543154
R_DKII,R_DKII,3.886208785141083,3.886208785141083
R_G3PCT,R_G3PCT,5.127624362685284,5.026215362328646
R_GLCRt2r,R_GLCRt2r,2.8852568544328916,2.8852568544039436
R_GLCURt2r,R_GLCURt2r,2.9661780688645276,2.966178068791662
R_G1SAT,R_G1SAT,8.450657623432376,8.45065762289906
R_DKMD2K,R_DKMD2K,4.8880850129583155,4.888085012961108
R_G3PD1ir,R_G3PD1ir,4.314327404155785,4.36044217817107
R_G3PD4,R_G3PD4,3.627384899337696,3.7167371345419418
R_GLCP,R_GLCP,3.924785830759139,3.92171202028613
R_GLCRD_1,R_GLCRD_1,2.9492387534076294,2.9492387533786815
R_GLCS1,R_GLCS1,3.9729826323477564,3.9699088219637892
R_G5SD,R_G5SD,4.360065959918479,4.547755496838636
R_G6PDH2r,R_G6PDH2r,4.9929197381761155,4.98029450766531
R_G6PDA,R_G6PDA,7.508355520135053,7.50921723314698
R_G6PI,R_G6PI,4.8614488449626325,4.966963402559812
R_GLCt2,R_GLCt2,2.9746916328257007,3.1247906757703725
R_GALCTD_1,R_GALCTD_1,3.1077631140450857,3.1077631140161377
R_GLNS,R_GLNS,4.637389395060256,5.799231953876052
R_GALCTRt2,R_GALCTRt2,2.8852568544328916,2.8852568544039436
R_GLGC,R_GLGC,8.023130752027868,8.0200569416439
R_DKMD3M,R_DKMD3M,4.888085012959711,4.888085012959711
R_GLNabc,R_GLNabc,4.35599236438023,4.355992364315833
R_GLTPD,R_GLTPD,3.114068158937161,3.1140681588575503
R_GLUPRT,R_GLUPRT,4.948363758686348,5.17848839371898
R_GALKr,R_GALKr,4.0580738851403,4.0580738847750935
R_GALS1,R_GALS1,3.452198926869738,3.452198926869738
R_GALS2,R_GALS2,3.452198926869738,3.452198926869738
R_GALS3,R_GALS3,3.4521989269640354,3.4521989267754405
R_GALS4,R_GALS4,3.452198926869738,3.452198926869738
R_GLU5K,R_GLU5K,8.650478293265122,8.838167830185279
R_GALT,R_GALT,3.977692227244351,3.977692226879145
R_GLUDxi,R_GLUDxi,8.854386271239486,8.135962170966453
R_GALUi,R_GALUi,4.991556057381025,4.936200757615573
R_DM1PE,R_DM1PE,4.714270152103503,4.714270152106296
R_GALURt2r,R_GALURt2r,2.9661780688645276,2.966178068791662
R_GLUN,R_GLUN,6.856896820224358,6.7622510152676
R_GLUTRR,R_GLUTRR,4.661821273877533,4.661821273344216
R_GAMpts,R_GAMpts,4.355992364393151,4.355992364302912
R_DMATT,R_DMATT,3.9360494325392383,3.9359909125170165
R_GAPDi_nadp,R_GAPDi_nadp,4.417249873206972,4.5078690789013125
R_GLUR,R_GLUR,7.910443281941692,7.932843022912167
R_GLUSy,R_GLUSy,4.165427307838298,4.555275623836436
R_GLUTRS,R_GLUTRS,4.88054041902033,4.880540418487015
R_GLUt4,R_GLUt4,9.045180283509007,8.049690215368136
R_GLUt2r,R_GLUt2r,8.936213325951936,7.72170339412614
R_GLXCBL,R_GLXCBL,3.2167037068304793,3.3942520815911945
R_GARFT,R_GARFT,5.1081872787350395,4.679271350968838
R_GART,R_GART,3.7838794609678863,4.44292002376672
R_GBEZY,R_GBEZY,4.068858628436199,4.068858628436199
R_GF6PTA,R_GF6PTA,5.1071899016315205,5.036117334975941
R_GGTAe2,R_GGTAe2,3.1829137306339175,3.1829137306672486
R_GLY3Pt2,R_GLY3Pt2,3.4611435067679692,3.461143506685808
R_DMPPS,R_DMPPS,4.051328317872222,4.051170104433043
R_GLYAT,R_GLYAT,3.3246445167971843,3.211633362045641
R_GLYCK,R_GLYCK,3.0814339185663226,3.458949008444617
R_GHMT2r,R_GHMT2r,5.119155746034211,5.013782911408669
R_GLCNt2ir,R_GLCNt2ir,6.373013516144629,6.373013516069737
R_DPCOAK,R_DPCOAK,4.201663776139854,4.230217865886115
R_GLYCTO1,R_GLYCTO1,3.2775232500382843,3.477164779270064
R_HIBHr,R_HIBHr,4.283419548458763,4.4297947617775915
R_GLYCLTt2r,R_GLYCLTt2r,8.195682633866912,8.395404903123321
R_HQNt6,R_HQNt6,4.355992364364698,4.355992364331366
R_DPR,R_DPR,4.237093473447578,4.237093473531607
R_ISOMS,R_ISOMS,4.355992364301512,4.35599236439455
R_GLYCt,R_GLYCt,4.188743129611307,4.188743129650269
R_GLYK,R_GLYK,4.375303902738104,4.288884363602363
R_DRBK,R_DRBK,4.274636336911026,4.274636336842254
R_GMPR,R_GMPR,3.1786551902422495,3.1858325362229336
R_GMPS2,R_GMPS2,4.76874286640528,4.826075495964622
R_GNKr,R_GNKr,3.5022841799916695,3.5022841799167783
R_GPDDA4,R_GPDDA4,3.486248723868495,3.486248723868495
R_GPDDA1,R_GPDDA1,3.486248723855996,3.486248723880995
R_IMPC,R_IMPC,5.163809562173623,4.64790277932966
R_HEXSabc,R_HEXSabc,4.3559923643780305,4.355992364318032
R_ICITt10,R_ICITt10,3.256405201489017,3.5297802954074604
R_ICITt2,R_ICITt2,3.222187496215929,3.567264452356389
R_DRIBabc,R_DRIBabc,4.355992364382417,4.355992364313645
R_DRPA,R_DRPA,4.110809784722772,4.1724615519776815
R_IPDPS,R_IPDPS,4.051374925644526,4.051123499017039
R_IPDDI,R_IPDDI,4.332844287513727,4.3329439809306844
R_GTHPe,R_GTHPe,4.114252652252479,4.1142526522080365
R_RAFH,R_RAFH,3.2359450849742184,3.235945084878683
R_DTMPK,R_DTMPK,4.016877224962703,4.011839444962703
R_HXPRT,R_HXPRT,5.1242513309082875,5.021339931998682
R_HETZK,R_HETZK,3.55626997700246,3.55626997700246
R_GTPCI,R_GTPCI,4.848561992955409,4.84848125305352
R_GTPDPK,R_GTPDPK,4.74871720780575,4.74871720780575
R_DURIK1,R_DURIK1,3.3870321375856647,3.7160373283234738
R_GUAD,R_GUAD,3.43181140771807,3.4998119907146807
R_GUAPRT,R_GUAPRT,5.053361796089049,5.091780257926688
R_HXANt2r,R_HXANt2r,7.338418329458771,7.338418329363568
R_HEMEOS_1,R_HEMEOS_1,8.642952294626486,8.642952294604264
R_GUI1,R_GUI1,2.7741031031922367,2.7741031031193706
R_DURIPP,R_DURIPP,3.9509280991665077,4.1562995321787595
R_GUAt2r,R_GUAt2r,7.338418329458953,7.338418329363385
R_HEX1,R_HEX1,4.187989030104271,4.371246031129363
R_HGt,R_HGt,4.18741314327889,4.187413143245558
R_GUI2,R_GUI2,2.7741031031922367,2.7741031031193706
R_DUTPDP,R_DUTPDP,6.650790391445116,7.159482340495165
R_HACD2,R_HACD2,3.7057574437961196,3.665525854213771
R_HACD1_1,R_HACD1_1,7.090017136423672,7.049785546910397
R_HEXTT,R_HEXTT,4.356021624446304,4.355963104446303
R_HIBD,R_HIBD,3.6043554936320796,3.677321898111791
R_HEMEAS,R_HEMEAS,4.587241892017618,4.5872418920065074
R_DXPRIi,R_DXPRIi,4.592915346694293,4.592505706627627
R_HISDr,R_HISDr,2.688197422249255,2.991962149874433
R_HISTD,R_HISTD,4.3389825895627645,4.624764737374096
R_LAAL17,R_LAAL17,3.9845429597662223,3.9845429597662223
R_DXPS,R_DXPS,4.619258580318145,4.618848940251478
R_LAAL18,R_LAAL18,3.9845429597662223,3.9845429597662223
R_LAAL19,R_LAAL19,3.9845429597189703,3.9845429598134743
R_HISTP,R_HISTP,3.8169076456330675,4.102689793444399
R_HKM1PP,R_HKM1PP,5.008676404717985,5.008676404720778
R_LAAL2,R_LAAL2,3.984542959722268,3.9845429598101756
R_Kt2r,R_Kt2r,4.232232480460699,4.483371262297221
R_LAAL20,R_LAAL20,3.9845429597662223,3.9845429597662223
R_LAAL21,R_LAAL21,3.9845429597662223,3.9845429597662223
R_LAAL22,R_LAAL22,3.9845429597662223,3.9845429597662223
R_HISt2r,R_HISt2r,6.868087018637733,6.868087018545905
R_HMBS,R_HMBS,4.183389972851405,4.183389972784741
R_HMGCOAS,R_HMGCOAS,3.7986135418607665,3.541658628685931
R_LAAL23,R_LAAL23,3.9845429597662223,3.984542959766222
R_ECOAH1_1,R_ECOAH1_1,7.666742132664197,7.626510543150922
R_LAAL24,R_LAAL24,3.9845429597662223,3.9845429597662223
R_Kt3r,R_Kt3r,22.079915346174204,22.609096983383676
R_HMGL,R_HMGL,3.2413507784896525,3.498305691664488
R_HOXPRx,R_HOXPRx,4.918812842910588,4.74126446820777
R_HMPK1,R_HMPK1,8.937870512785482,8.937870512785482
R_ECOAH2,R_ECOAH2,7.666742132698825,7.626510543116478
R_HP5CD_1,R_HP5CD_1,3.337977469822687,3.337977469822687
R_Kt1,R_Kt1,3.122273840880066,3.175745402042563
R_HPPK,R_HPPK,4.446576040053213,4.446495300151324
R_LAAL25,R_LAAL25,3.9845429597662223,3.9845429597662223
R_ECOAH2c,R_ECOAH2c,7.5737625129733415,7.72013772629217
R_LAAF,R_LAAF,5.9845972051792256,5.984597205085465
R_LAAL1,R_LAAL1,3.9845429597662223,3.9845429597662223
R_HSDy,R_HSDy,5.030073959263495,4.829920669478812
R_HSK,R_HSK,4.79693290159618,4.897022875081398
R_HSST,R_HSST,4.22770439404041,4.327767710339875
R_LAAL10,R_LAAL10,3.984542959766222,3.984542959766222
R_LAAL11,R_LAAL11,3.9845429597662223,3.9845429597662223
R_HXAD,R_HXAD,4.269459455629485,4.269459455629485
R_ECOAH3,R_ECOAH3,7.666742132698826,7.626510543116478
R_HSTPTr,R_HSTPTr,9.426358206749855,9.712140354561186
R_LAAL12,R_LAAL12,3.9845429597662223,3.9845429597662223
R_LAAL13,R_LAAL13,3.9845429597662223,3.9845429597662223
R_ECOAH4,R_ECOAH4,7.666742132698825,7.626510543116478
R_LAAL14,R_LAAL14,3.9845429597662223,3.9845429597662223
R_LAAL15,R_LAAL15,3.984542959720574,3.9845429598118702
R_LAAL16,R_LAAL16,3.9845429597662223,3.9845429597662223
R_LAAL26,R_LAAL26,3.9845429597662223,3.9845429597662223
R_LAAL27,R_LAAL27,3.9845429597662223,3.9845429597662223
R_ICDHyr,R_ICDHyr,4.5469581950608715,5.981667354047266
R_ICHORT,R_ICHORT,4.169350262700704,4.169350262700704
R_IG3PS_1,R_IG3PS_1,4.366475343937874,4.652257491749206
R_IGPDH_1,R_IGPDH_1,4.413771087459104,4.699553235270435
R_IGPS,R_IGPS,4.220950043946376,4.208996124042711
R_ILEDHr,R_ILEDHr,4.224038621293015,4.079146931887685
R_IMPD,R_IMPD,4.991077859866939,5.135558292811516
R_ILETA,R_ILETA,9.201828924691114,9.406099714013182
R_ILEt2r,R_ILEt2r,4.355992364389663,4.3559923643064
R_LAAL28,R_LAAL28,3.9845429597662223,3.984542959766222
R_LAAL29,R_LAAL29,3.9845429597662223,3.9845429597662223
R_ECOAH5_1,R_ECOAH5_1,7.666742132698825,7.626510543116479
R_LAAL3,R_LAAL3,3.984542959766222,3.984542959766222
R_LAAL30,R_LAAL30,3.9845429597662223,3.9845429597662223
R_INS2D,R_INS2D,3.5702422425958797,3.5702422425153713
R_ECOAH6,R_ECOAH6,7.666742132698825,7.626510543116478
R_INSTt2,R_INSTt2,6.37532195964079,6.375321959560282
R_IPDPUPT,R_IPDPUPT,4.71430796193635,4.714307961936349
R_LANTHabc,R_LANTHabc,4.355992364364698,4.355992364331366
R_LIPO1S24_BS,R_LIPO1S24_BS,4.35599313434812,4.35599159434808
R_IPMD,R_IPMD,5.259897947182485,5.170897167345516
R_ECOAH7,R_ECOAH7,7.660288108361626,7.632936108833707
R_IPPS,R_IPPS,5.259897947182485,5.170897167345516
R_IZPN_1,R_IZPN_1,2.826237450055781,3.130002177680959
R_LIPO2S24_BS,R_LIPO2S24_BS,4.355993024348108,4.355991704348055
R_LIPO4S24_BS,R_LIPO4S24_BS,4.3559940143483535,4.355990714348334
R_LIPTabc,R_LIPTabc,4.355992364364698,4.355992364331366
R_IPPMIa,R_IPPMIa,4.311719274304298,4.400720054141267
R_IPPMIb,R_IPPMIb,4.311719274304298,4.400720054141267
R_KARA1,R_KARA1,5.208737878915007,5.2216855652713114
R_KARA2,R_KARA2,5.139237418515257,5.292301012913725
R_LYSLG_BS,R_LYSLG_BS,4.356234371070554,4.355750371069977
R_MALTTRabc,R_MALTTRabc,4.355992364395775,4.355992364300287
R_MAL_Dt2,R_MAL_Dt2,4.355992363996025,4.355992364700036
R_MAN1Pt6,R_MAN1Pt6,4.355992364393146,4.3559923643029155
R_MAN6Pt6,R_MAN6Pt6,4.355992364393146,4.3559923643029155
R_KAS1,R_KAS1,4.356229090780351,4.355755650779911
R_LAAL31,R_LAAL31,3.9845429597662223,3.9845429597662223
R_ECOAH9ir,R_ECOAH9ir,7.529220770522585,7.765808904860229
R_EDA,R_EDA,3.4133595440348987,3.4133595438138884
R_MANAO,R_MANAO,4.355992364311598,4.355992364384464
R_METt3,R_METt3,4.091728768473235,4.637323378924408
R_ENO,R_ENO,4.887335751316627,4.99498050101687
R_MELIBt2,R_MELIBt2,4.35599236439456,4.3559923643015015
R_NACt,R_NACt,4.355992364393437,4.355992364302626
R_MALt2r,R_MALt2r,11.423276159815604,11.628722670031296
R_ETHAt6,R_ETHAt6,3.478454789187031,3.4784547891176625
R_MECDPS,R_MECDPS,4.1845093870305865,4.18409974696392
R_NMNHYD,R_NMNHYD,4.330791090075987,4.381340287168048
R_LCYSTabc,R_LCYSTabc,4.355992364389894,4.355992364306168
R_MANt2,R_MANt2,3.048817586794244,3.048817586794244
R_LLEUDr,R_LLEUDr,4.26210398491368,4.042715579725929
R_L_LACt2r,R_L_LACt2r,8.252546700361647,8.337556474026815
R_MTAN,R_MTAN,4.5602037749264674,4.560203775020142
R_MOPSabc,R_MOPSabc,4.355992364364698,4.355992364331366
R_MLTG1,R_MLTG1,3.242111153163162,3.242111153067674
R_NAPRT,R_NAPRT,4.695973208430129,4.746522405431379
R_MLTG2,R_MLTG2,3.2421111531154176,3.242111153115418
R_LAAL32,R_LAAL32,3.9845429597662223,3.984542959766222
R_LEUTA,R_LEUTA,9.156774548218431,9.452380853231272
R_METS,R_METS,5.200120981051846,5.230338196883813
R_LEUt2r,R_LEUt2r,4.355992364389838,4.355992364306225
R_O2t,R_O2t,4.406610396786449,4.305955773193783
R_LAAL33,R_LAAL33,3.9845429597662223,3.984542959766222
R_LACZ,R_LACZ,3.346002862066866,3.3460028619742856
R_LIPO3S24_BS,R_LIPO3S24_BS,4.355994344348499,4.3559903843484635
R_METSR_R1,R_METSR_R1,4.041375551602054,4.203455571819424
R_METSR_R2,R_METSR_R2,4.04137555155703,4.203455571866254
R_METSabc,R_METSabc,4.355992364393959,4.355992364302105
R_METDabc,R_METDabc,4.355992364364698,4.355992364331366
R_METabc,R_METabc,4.091728768516524,4.6373233788753465
R_METSR_S1,R_METSR_S1,4.2044017055626,4.373019916057066
R_METSR_S2,R_METSR_S2,4.204401705517576,4.373019916103896
R_METTRS,R_METTRS,4.576475287033788,4.576475287033788
R_MGSA,R_MGSA,4.238405065886087,4.238405065886087
R_LYSAM,R_LYSAM,3.7019328636216424,3.7019328636216424
R_OMCDC,R_OMCDC,4.400720054141267,4.311719274304298
R_LCTSabc,R_LCTSabc,4.3559923643943215,4.35599236430174
R_MGt5,R_MGt5,10.382607381104718,10.604292414620204
R_PALAt2,R_PALAt2,4.35599236439455,4.355992364301513
R_MMSAD2,R_MMSAD2,3.5785556147780344,3.540076596921336
R_MI1PP,R_MI1PP,4.154284577697403,4.154284577697403
R_LDH2,R_LDH2,3.6066275630621574,3.6066275630621574
R_LDH_L,R_LDH_L,3.5957741425449834,3.6175137433501767
R_PAP_BS,R_PAP_BS,4.137831321502731,4.585655625847853
R_LYSDC,R_LYSDC,3.9788970322315738,3.9788970322315738
R_MCITL2,R_MCITL2,3.535576552190821,4.412410196476274
R_PEPt6,R_PEPt6,4.355992364388088,4.3559923643079745
R_MMSAD3,R_MMSAD3,3.559264106938921,3.5592641068584125
R_PGL,R_PGL,4.362309553657646,4.34968432314684
R_MMSDHir,R_MMSDHir,3.5227489519205646,3.596157760759681
R_MMSAD1,R_MMSAD1,3.5229678799781374,3.5959342844578486
R_MNNH,R_MNNH,3.0880595933866366,3.088059593313771
R_LYSt3r,R_LYSt3r,2.825573524479904,2.8255735245701668
R_MAN6PI,R_MAN6PI,7.404542870791437,7.404542870526341
R_M1PD,R_M1PD,3.396056692110055,3.39605669202887
R_MAL6PG,R_MAL6PG,3.691478118099466,3.540502387178632
R_MALT,R_MALT,3.1164014538728666,3.3728917422024276
R_MNabc,R_MNabc,4.107560200715057,4.619450123933744
R_MNt2,R_MNt2,3.912968595031302,3.716315864496251
R_MOHMT,R_MOHMT,4.392407319545292,4.392407319629321
R_MPL,R_MPL,3.190059697958659,3.08454514036148
R_MOBDabc,R_MOBDabc,4.355992364364698,4.355992364331366
R_MTHFC,R_MTHFC,4.652581360569062,4.577236545138518
R_MALTATr,R_MALTATr,3.2976180294641693,3.2976180294641693
R_MCA,R_MCA,3.1704673303521878,4.047300974637641
R_MTHFD,R_MTHFD,4.652581360569062,4.577236545138518
R_PGPPH_BS,R_PGPPH_BS,4.358280965239273,4.3537049652365925
R_MTHFR3,R_MTHFR3,4.556351186762613,4.58656840259458
R_MALTabc,R_MALTabc,4.281158539343182,4.432134270171052
R_MALTpts,R_MALTpts,4.43213427021834,4.281158539297506
R_MALt10,R_MALt10,3.340526776511236,3.4037969492912383
R_MCITS,R_MCITS,3.0845958228157637,3.961429467101217
R_OXGDC,R_OXGDC,3.555478915825781,3.9489833282644655
R_MALt4,R_MALt4,3.1981334337085463,3.3530518478017703
R_MCSNAH,R_MCSNAH,3.6162116624588294,3.671419117851575
R_MTRI,R_MTRI,5.215207703974774,5.215207703977567
R_MTRK,R_MTRK,5.215207703974774,5.215207703977567
R_NADK,R_NADK,4.269239362612483,4.326146332329586
R_NADK1,R_NADK1,4.39377650313243,4.203526100436802
R_NADH4,R_NADH4,13.149585794769553,13.617510265801256
R_MDH,R_MDH,5.095415891521349,5.337815788671912
R_NADK2,R_NADK2,4.280411652161352,4.314854670829888
R_ORNTAC_1,R_ORNTAC_1,4.781135454900933,4.762988362447837
R_NADK3,R_NADK3,4.28128020928797,4.313979302343953
R_MDRPD,R_MDRPD,4.976704104674504,4.976704104677298
R_MALDDH,R_MALDDH,3.777136107087438,3.777136107791449
R_ME2,R_ME2,5.293466836063644,4.526675485380955
R_NADK4,R_NADK4,4.281281108864886,4.313978395896538
R_BGLA1,R_BGLA1,6.419507038135221,6.283315074774809
R_NADK5,R_NADK5,4.281005297444944,4.314256331667297
R_NADS1,R_NADS1,4.587536656076066,4.634276773168127
R_NAt3_1,R_NAt3_1,40.22526863805406,39.05679489271423
R_NAabcO,R_NAabcO,4.062451992154111,4.6707430672177
R_MECDPDH2,R_MECDPDH2,4.558186761067005,4.557777121000338
R_MEPCT,R_MEPCT,4.629631247717986,4.62922160765132
R_METAT,R_METAT,4.8311385099213675,4.886287445385566
R_NDPK7,R_NDPK7,5.11118066513841,5.140054352170063
R_PENCAC,R_PENCAC,3.3021434575342457,3.3021434575342457
R_NDPK3,R_NDPK3,5.305235116891318,4.9520418687808405
R_NDPK4,R_NDPK4,5.111509962090616,5.139723216312969
R_PAPSR,R_PAPSR,5.2295042910842415,5.200950201337977
R_NDPK5,R_NDPK5,5.111181739092908,5.140053272148892
R_PMDPHT,R_PMDPHT,4.355992364299153,4.355992364396909
R_ORNt2,R_ORNt2,3.8435552077524964,3.843555207671369
R_PPAt6,R_PPAt6,4.116050806938125,4.609921103567105
R_PPIabc,R_PPIabc,4.355992364389744,4.355992364306318
R_NDPK6,R_NDPK6,4.877557989631881,5.38624993868193
R_NDPK1,R_NDPK1,4.9803173215687915,5.275114962814588
R_NDPK2,R_NDPK2,5.081042340431793,5.170542708041981
R_PPTGS_BS,R_PPTGS_BS,4.367206632545987,4.344806892545987
R_PGMT_B,R_PGMT_B,3.1793906012172544,3.2849051588144333
R_PPTT,R_PPTT,4.356021624446304,4.355963104446303
R_PSER_Dt6,R_PSER_Dt6,4.355992364389951,4.355992364306111
R_PSER_Lt6,R_PSER_Lt6,4.355992364390468,4.355992364305594
R_RAFFINt2,R_RAFFINt2,4.355992364395799,4.355992364300263
R_PGI,R_PGI,4.923512180320863,4.904352342796974
R_RHCYS,R_RHCYS,4.328505172257801,4.383654107628325
R_P5CD,R_P5CD,3.178530706677026,3.505422667661553
R_RIBFLVt2,R_RIBFLVt2,4.35599236439691,4.355992364299153
R_NDPK9,R_NDPK9,4.992911846350973,5.2618085860603925
R_RMNt,R_RMNt,4.355992364388017,4.355992364308045
R_PYRt2,R_PYRt2,4.355992364351534,4.355992364344528
R_PYNP1,R_PYNP1,4.080010737905633,4.024803282421522
R_PHETA1,R_PHETA1,9.548848656398564,9.58755523630356
R_NDPK8,R_NDPK8,5.112218871426353,5.139010492960785
R_PYNP2r,R_PYNP2r,4.1961694355952535,3.913388356280288
R_RMPA,R_RMPA,4.355992364388017,4.355992364308045
R_SALADC2,R_SALADC2,4.355992364389894,4.355992364306168
R_NH4t,R_NH4t,3.0370679262252738,3.037067926171054
R_DSERt2,R_DSERt2,4.3559923643826925,4.35599236431337
R_SERt2r,R_SERt2r,4.355992364383628,4.355992364312434
R_PTAr,R_PTAr,4.310301355071671,3.9481192736390645
R_PMPK,R_PMPK,8.937870512785482,8.937870512785482
R_SORD_D,R_SORD_D,4.355992364303553,4.355992364392509
R_NMNAT,R_NMNAT,4.574702269089745,4.524153071997684
R_SRB_Lt,R_SRB_Lt,4.355992364392509,4.355992364303553
R_PTA2,R_PTA2,4.340223112522935,3.9209007034799384
R_PHYT3,R_PHYT3,2.9112015520070322,2.9112015520070322
R_NNATr,R_NNATr,4.526047429859886,4.572787546951946
R_PIabc,R_PIabc,4.276136237377838,4.437339791094633
R_SO4t2,R_SO4t2,12.053550594947357,12.016081076041461
R_NNAM,R_NNAM,4.816611454166856,4.867160651258917
R_SARCOX,R_SARCOX,5.059070778723181,5.059070778723181
R_PIt2r,R_PIt2r,4.9603251211186725,4.346915596801653
R_PIt7,R_PIt7,2.976768247709947,3.0913212998937496
R_SUCR,R_SUCR,3.242111153161936,3.2421111530688993
R_NNDPR,R_NNDPR,5.075876837259035,5.072067757349846
R_PMANM,R_PMANM,4.481885818598691,4.48188581850846
R_SALCpts,R_SALCpts,4.355992364364698,4.355992364331366
R_NO2t2r,R_NO2t2r,3.150398514716486,3.391397518402721
R_NPHS,R_NPHS,4.458378969513326,4.458320449513327
R_RBK,R_RBK,4.2471508058444245,4.302299741135087
R_NO2t3,R_NO2t3,6.094772460729037,6.141370424206414
R_PNTEH,R_PNTEH,4.135492069577549,4.135492069577549
R_NO3t2,R_NO3t2,2.9100480167032234,2.994586618523883
R_PNTK,R_PNTK,3.9908623110556647,3.9908623110556607
R_RBK_Dr,R_RBK_Dr,2.9604141133462063,2.9604141132659407
R_RIBabc,R_RIBabc,3.9224445741963794,4.83746019079091
R_NTR3B,R_NTR3B,4.313928143198213,4.398466745018872
R_SUCCt2r,R_SUCCt2r,9.769267218932269,6.419267218932268
R_Q23DO,R_Q23DO,3.4191699953202286,3.4191699953202286
R_PNP,R_PNP,8.435195640375836,8.485744837467896
R_QULNS,R_QULNS,5.0482623777183955,5.044453297809206
R_RBFK,R_RBFK,7.344070643741672,7.344070643741672
R_APNPT,R_APNPT,3.990862311055663,3.990862311055663
R_PNTOt2,R_PNTOt2,3.369929332161448,3.3699293320774153
R_PPA,R_PPA,4.576692035125599,5.655292789410729
R_PPBNGS,R_PPBNGS,4.27325167966889,4.273251679402232
R_PPNCL,R_PPNCL,3.6603190565574617,3.6603190565574577
R_RBK_L1,R_RBK_L1,2.9604141135235844,2.960414113088562
R_RBFSa,R_RBFSa,4.355992364250275,4.355992364445788
R_PPCDC,R_PPCDC,3.6603190565574617,3.6603190565574577
R_PPCK,R_PPCK,5.234997085969666,4.456975849616574
R_OCBT_1,R_OCBT_1,4.935885180914381,5.039723404095886
R_PPM,R_PPM,4.471849294003467,4.33376439261779
R_PPCOAC,R_PPCOAC,7.935096556941685,7.935096556941685
R_RBFSb,R_RBFSb,4.355992364299153,4.355992364396909
R_RBP4E,R_RBP4E,2.9802448591773985,2.980244858742376
R_RMI,R_RMI,3.145363969563999,3.1453639694840265
R_RMK,R_RMK,3.4112324854732723,3.4112324853932994
R_PPM2,R_PPM2,4.3715475074317345,4.433199274755418
R_PPND,R_PPND,5.072152372150054,5.0477710922449575
R_RNDR4,R_RNDR4,4.341759027809117,4.370272361207735
R_NTRIR2x,R_NTRIR2x,4.218754738279115,4.497694380308633
R_RPE,R_RPE,4.495996181695704,4.336130762857872
R_RPI,R_RPI,4.763685789251945,4.616445601363188
R_SADT,R_SADT,5.052473070924962,5.015003552019065
R_PPNDH,R_PPNDH,4.258402126986419,4.219695547081422
R_PPPGO,R_PPPGO,3.9596500397465624,3.9596500396910086
R_PPS,R_PPS,3.2705619225855647,3.483769535635707
R_PRAGSr,R_PRAGSr,4.58992400713635,4.820048642168982
R_PRAIi,R_PRAIi,4.2515540062985195,4.239600086394854
R_SBTD_D2,R_SBTD_D2,2.9832895723637742,2.9832895721947255
R_SBTt2,R_SBTt2,2.9938538436049367,2.9938538435248434
R_SDPDS,R_SDPDS,3.587775274533125,3.587775274533125
R_SERAT,R_SERAT,4.179783011022553,4.286245788885274
R_SERD_D,R_SERD_D,3.9382711348266297,3.938271134673468
R_SHCHD2_1,R_SHCHD2_1,5.215207703981726,5.2152077039706155
R_PRAIS_1,R_PRAIS_1,4.666092481116315,4.896217116148946
R_PRATPP,R_PRATPP,4.344882014209301,4.630664162020633
R_PRASCSi,R_PRASCSi,4.956766615213561,5.186891250246193
R_PRFGS_1,R_PRFGS_1,4.242449451276811,4.472574086309443
R_PRMICI,R_PRMICI,4.31194451264395,4.597726660455281
R_SERD_L,R_SERD_L,4.272929770554913,4.440669633518031
R_SHCHF_2,R_SHCHF_2,5.215207703981726,5.2152077039706155
R_OMPDC,R_OMPDC,4.267618092931896,4.240783594059358
R_SHK3Dr,R_SHK3Dr,4.414223706570577,4.339042667048879
R_SHKK,R_SHKK,3.8463625018549563,3.7711814623332587
R_SHSL1,R_SHSL1,4.674812804898341,4.716493515163676
R_URATEt_1,R_URATEt_1,5.882158620067311,5.882158619972318
R_PRO1x,R_PRO1x,3.5144445468397607,3.5736539116912795
R_PRPPS,R_PRPPS,4.8363150323597655,5.018142483590869
R_SHSL2,R_SHSL2,4.711577055223856,4.679690901894751
R_OCOAT1,R_OCOAT1,4.229409179755095,4.4863640929055535
R_SHSL3,R_SHSL3,4.695606912733128,4.695606912733128
R_SHSL4r,R_SHSL4r,4.650689444860396,4.740958204223631
R_PROt2r,R_PROt2r,16.922316962490406,16.92231696242219
R_PSCVT,R_PSCVT,4.87374241627752,4.798561376755822
R_PSDC_BS,R_PSDC_BS,3.7179499909334934,3.705629990933045
R_SLCYSS,R_SLCYSS,9.79479253285285,9.79479253285285
R_ORNTA_1,R_ORNTA_1,3.5799859529527995,3.683847137085386
R_SPODM,R_SPODM,5.21520770397617,5.21520770397617
R_PSERT,R_PSERT,4.827941621787457,4.999065398893768
R_PSP_D,R_PSP_D,4.45223269186241,4.452232691778572
R_PTHPS,R_PTHPS,3.633731080890458,3.633731080890458
R_SPMDAT1,R_SPMDAT1,2.941700801454819,2.941700801454819
R_ORPT,R_ORPT,4.271270430310962,4.298104929183501
R_SPMDAT3,R_SPMDAT3,2.941700801454819,2.941700801454819
R_SPMDt3i,R_SPMDt3i,2.8478389168051037,2.8478389167114293
R_SPRMS,R_SPRMS,4.276286429453383,4.276286429453383
R_SPMS,R_SPMS,4.276286429406547,4.276286429500221
R_PTPATi,R_PTPATi,4.345117568722043,4.373671658468304
R_PYK,R_PYK,5.185903875475716,5.066379632281764
R_PUNP5,R_PUNP5,8.460432486532062,8.4604324864356
R_PUNP6,R_PUNP6,8.460432486483832,8.460432486483832
R_PURabc1,R_PURabc1,3.560746354463724,3.5607463544970566
R_PYRIS,R_PYRIS,4.355992364348031,4.355992364348031
R_OIVD1r,R_OIVD1r,4.3623884933524755,4.3496056133405965
R_EX_f6p_e,R_EX_f6p_e,4.355992364303871,4.355992364392191
R_SSALy,R_SSALy,3.2588095146138616,3.8210757408035185
R_SUCBZL,R_SUCBZL,3.5452061391408884,3.5451476191408884
R_SUCBZS,R_SUCBZS,3.525813272211467,3.5257547522114665
R_TGBPA,R_TGBPA,4.355992364387836,4.355992364308226
R_SUCD1,R_SUCD1,5.2128648386146,3.6399695878749125
R_OIVD2,R_OIVD2,4.2848162396492615,4.428350812965449
R_SUCD5_BS,R_SUCD5_BS,5.21286483856222,3.639969587911488
R_SUCOAS,R_SUCOAS,4.346496062859414,4.3655094135241335
R_THIOGabc,R_THIOGabc,4.355992364364698,4.355992364331366
R_THMt6,R_THMt6,4.3559923643937974,4.355992364302265
R_OIVD3,R_OIVD3,4.251065934265364,4.463508628580571
R_THRt2r,R_THRt2r,4.35599236438769,4.3559923643083724
R_P5CR,R_P5CR,11.686464390128172,11.710332515047908
R_TMPHi,R_TMPHi,4.355992364394719,4.3559923643013425
R_UREAt,R_UREAt,4.355992364387971,4.355992364308092
R_TMPt6,R_TMPt6,4.355992364394719,4.3559923643013425
R_OXADC,R_OXADC,7.034678869716961,7.016758327373409
R_TYRt2r,R_TYRt2r,4.355992364395483,4.35599236430058
R_UGLYCH,R_UGLYCH,4.22298805353916,4.493185686934702
R_UMPt6,R_UMPt6,4.35599236439561,4.355992364300453
R_SULAabc,R_SULAabc,4.355992364372114,4.355992364323949
R_TAURabc,R_TAURabc,4.355992364386082,4.355992364309981
R_TRPAS1,R_TRPAS1,3.3005047722171947,3.412550916127905
R_THMDt2,R_THMDt2,11.19782391923155,11.197823919136848
R_TMDK1,R_TMDK1,3.344769979669544,3.7629905589929753
R_TMDPP,R_TMDPP,4.080010737813561,4.024803282512348
R_UAGDP,R_UAGDP,5.031739612791216,4.9598053328495375
R_TARTDC,R_TARTDC,3.777136107439445,3.777136107439445
R_TYRTA,R_TYRTA,9.555999499672955,9.580380779578052
R_TECA1S45,R_TECA1S45,4.356391022588864,4.355593742588863
R_TARTRDH,R_TARTRDH,3.777136107439445,3.777136107439445
R_TAGURr,R_TAGURr,2.864785896311799,2.8647858963846646
R_SULR_1,R_SULR_1,9.968337827455752,10.005807346832848
R_TALA,R_TALA,5.2440580456318795,5.126534816194519
R_THRD,R_THRD,3.49230129619046,3.605312450942004
R_TECA4S_BS,R_TECA4S_BS,4.35633469779881,4.35565005779881
R_TEICH45,R_TEICH45,4.355992364348031,4.3559923643480305
R_THRD_L,R_THRD_L,4.862655935307293,4.89072449396165
R_THRS,R_THRS,4.814767465004786,4.914857438490004
R_TKT1,R_TKT1,5.048172506174427,4.930649276737066
R_TKT2,R_TKT2,5.01028086842189,4.9679386785062265
R_TMN,R_TMN,5.0521584773066825,5.0521584773066825
R_TMDS,R_TMDS,7.851237110518491,7.790991875407496
R_TMPK,R_TMPK,4.101757269350299,4.101757269350299
R_TMPPP,R_TMPPP,3.5900625138642317,3.5900625138642317
R_TPI,R_TPI,5.05784290162411,5.084938829990886
R_TRDR,R_TRDR,13.107522893117,13.444658392628382
R_TRE6PH,R_TRE6PH,2.919064464164988,2.9190644640718224
R_TRPt2r,R_TRPt2r,5.059518365424775,5.059518365328439
R_TRPS1,R_TRPS1,4.361973424861855,4.3500195049581905
R_UAAGDS,R_UAAGDS,4.519935382372078,4.497535642372078
R_UAG2E,R_UAG2E,3.5566783717117767,3.554964571711775
R_UAG2EMA,R_UAG2EMA,3.5558213683692217,3.555821368554192
R_UDPG4E,R_UDPG4E,4.481645674846878,4.481645675212084
R_UAGPT3,R_UAGPT3,4.244630641526063,4.222230901526063
R_UAG4E,R_UAG4E,8.246629033704254,8.226089833704187
R_UAGCVT,R_UAGCVT,10.142972584645458,10.120572844645457
R_UAMAGS,R_UAMAGS,4.564160998347474,4.541761258347474
R_UAMAS,R_UAMAS,4.88523147168709,4.8628317316870895
R_UAPGR,R_UAPGR,4.5674417577225075,4.5450420177225075
R_UDCPDP,R_UDCPDP,4.0318898102505285,4.0094900702505285
R_UDPGD,R_UDPGD,3.1046218323579677,3.104621832357921
R_UGMDDS,R_UGMDDS,3.803426887231465,3.7810271472314647
R_UGT1_BS,R_UGT1_BS,4.797837369380051,4.7959453693795915
R_UGT2_BS,R_UGT2_BS,4.797617331038638,4.796165331038008
R_UGT_BS,R_UGT_BS,4.7986075830404715,4.79517558302507
R_UNK5,R_UNK5,4.332217133573586,4.332217133576379
R_UPP3S,R_UPP3S,4.183825296856791,4.183825296790126
R_UPP3MT_2,R_UPP3MT_2,8.79893593677343,8.79893593676232
R_ALDD9,R_ALDD9,11.01790021583127,11.01790021583127
R_FRUpts,R_FRUpts,4.355992364389508,4.3559923643065535
R_CYTDt2,R_CYTDt2,11.19782391923158,11.19782391913682
R_GLYBabc,R_GLYBabc,4.183941165866967,4.535118618076125
R_ACLS,R_ACLS,4.4526054469517895,4.261475602166423
R_ACHBS,R_ACHBS,4.280132820859047,4.433196415257515
R_X00002,R_X00002,4.355992364348031,4.355992364348031
R_NTD8,R_NTD8,3.7373912007042724,4.175710320817149
R_23CN2P1,R_23CN2P1,3.950476301626415,3.950476301626415
R_23CN2P2,R_23CN2P2,3.950476301626415,3.950476301626415
R_23CN2P3,R_23CN2P3,3.950476301626415,3.950476301626415
R_23CN2P4,R_23CN2P4,3.950476301626415,3.950476301626415
R_NTD6,R_NTD6,3.781029897716025,4.127516425918539
R_NTD9,R_NTD9,3.917250881870586,3.9839835334364735
R_NTD1,R_NTD1,3.7260574077989634,4.188411852444026
R_NTD10,R_NTD10,3.9071483236689537,3.994284761387578
R_NTD2,R_NTD2,3.723666176273663,4.191101530301381
R_3NUCLE1,R_3NUCLE1,3.9504763016749074,3.950476301577923
R_3NUCLE2,R_3NUCLE2,3.9504763016739153,3.950476301578915
R_3NUCLE3,R_3NUCLE3,3.9504763016741435,3.9504763015786866
R_3NUCLE4,R_3NUCLE4,3.950476301674898,3.9504763015779316
R_NTD3,R_NTD3,3.7331163783263155,4.180491961171824
R_NTD4,R_NTD4,3.6894784314780886,4.229937455809944
R_NTD5,R_NTD5,3.7731372451360987,4.136150369253018
R_NTD7,R_NTD7,3.7778356993652116,4.131006282865691
R_ABUTt2r,R_ABUTt2r,4.409509842202464,4.578271655953436
R_BALAt2r,R_BALAt2r,4.493098477376501,4.493098477332058
R_S6PG,R_S6PG,6.351046004032566,6.351046004032566
R_URIK3,R_URIK3,4.43325049346116,4.609398654666699
R_LCADi,R_LCADi,11.017900215871258,11.017900215791284
R_XTSNt2,R_XTSNt2,3.2307452112624353,3.2307452111660164
R_XYLt2,R_XYLt2,2.8471935949452973,2.8471935948651277
R_ZN2t4,R_ZN2t4,3.1203354005871042,3.527722309222966
R_URIK1,R_URIK1,4.318487805723787,4.731892222383046
R_URIK2,R_URIK2,4.444461562877099,4.597771534586544
R_URIt2,R_URIt2,11.197823919231269,11.197823919137125
R_UPPRT,R_UPPRT,4.837058175666203,4.759648529273459
R_XPPT,R_XPPT,4.561370832768178,4.561359467101568
R_HXAND,R_HXAND,13.885304938403412,14.000354185797516
R_URIDK2r_copy2,R_URIDK2r_copy2,3.945057847959639,4.084874574149102
R_VALDHr,R_VALDHr,4.2634877117948236,4.0414035050587485
R_VALTA,R_VALTA,9.159747369888619,9.449313056544245
R_VALt2r,R_VALt2r,4.355992364388255,4.355992364307808
R_UMPK,R_UMPK,9.672513483862458,9.873164024943483
R_XYL14BASE,R_XYL14BASE,3.070512254949994,3.070512254949994
R_UPPDC1,R_UPPDC1,4.264615709681839,4.264615709626285
R_URAt2,R_URAt2,6.8223838739234655,6.822383873833435
R_URCN,R_URCN,2.742622238422679,3.046386966047857
R_URIDK2r_copy1,R_URIDK2r_copy1,9.603624543081892,9.943986432543863
R_UREA,R_UREA,4.152717273797808,4.569217750021645
R_XAND,R_XAND,13.808266587791785,14.078464221376208
R_URIC,R_URIC,5.915747930733088,6.185945564222518
R_XYLI1,R_XYLI1,3.1192731420863486,3.1192731420061794
R_XANt2,R_XANt2,4.5556088586118975,4.55560885851679
R_XYLI2,R_XYLI2,3.0760072397079186,3.163147605470225
R_XYLK,R_XYLK,3.2686459906809984,3.268645990600829
R_ZNabc,R_ZNabc,4.052152471029369,4.682614885278101
R_ALDD10,R_ALDD10,11.01790021583127,11.01790021583127
R_ALDD11,R_ALDD11,11.01790021583127,11.01790021583127
R_ALDD12,R_ALDD12,11.01790021583127,11.01790021583127
R_ALDD13,R_ALDD13,11.01790021583127,11.01790021583127
R_ALDD14,R_ALDD14,11.01790021583127,11.01790021583127
R_ALDD15,R_ALDD15,11.01790021583127,11.01790021583127
R_ALDD16,R_ALDD16,11.017900215831272,11.017900215831272
R_ALDD17,R_ALDD17,11.01790021583127,11.01790021583127
R_ALDD18,R_ALDD18,11.017900215831272,11.017900215831272
R_ALDD1,R_ALDD1,11.017900215852034,11.017900215810505
R_ALDD20x_1,R_ALDD20x_1,11.01790021583127,11.01790021583127
R_ALDD2x,R_ALDD2x,11.07631947026972,10.959789079021451
R_ALDD3,R_ALDD3,10.998677504950388,11.037156522807088
R_GLXO1,R_GLXO1,11.026864130458,11.008943588114446
R_ALDD31_1,R_ALDD31_1,11.017900215911185,11.017900215751359
R_ALDD32,R_ALDD32,11.017900215831272,11.017900215831272
R_ALDD4,R_ALDD4,11.017900215865808,11.017900215796734
R_ALDD4x,R_ALDD4x,11.01790021583127,11.01790021583127
R_ALDD5,R_ALDD5,11.01790021583127,11.01790021583127
R_ALDD6,R_ALDD6,11.017900215841273,11.017900215821273
R_ALDD7,R_ALDD7,11.01790021583127,11.01790021583127
R_ALDD8,R_ALDD8,11.01790021583127,11.01790021583127
R_GLYALDDr,R_GLYALDDr,10.918370504846036,11.118337220021512
R_DIPEPabc12,R_DIPEPabc12,4.355992364364698,4.355992364331366
R_DIPEPabc13,R_DIPEPabc13,4.355992364364698,4.355992364331366
R_DIPEPabc14,R_DIPEPabc14,4.355992364364698,4.355992364331366
R_DIPEPabc15,R_DIPEPabc15,4.175774979582907,4.543987540284963
R_DIPEPabc2,R_DIPEPabc2,4.355992364392552,4.3559923643035106
R_DIPEPabc3,R_DIPEPabc3,4.355992364364698,4.355992364331366
R_DIPEPabc4,R_DIPEPabc4,4.355992364391985,4.355992364304077
R_DIPEPabc5,R_DIPEPabc5,4.3559923643951945,4.355992364300868
R_DIPEPabc6,R_DIPEPabc6,4.35599236439368,4.3559923643023835
R_DIPEPabc7,R_DIPEPabc7,4.355992364364698,4.355992364331366
R_DIPEPabc8,R_DIPEPabc8,4.355992364364698,4.355992364331366
R_DIPEPabc9,R_DIPEPabc9,4.355992364392231,4.355992364303831
R_RIBabc1,R_RIBabc1,3.9224445741606195,4.837460190835012
R_FRUK,R_FRUK,4.331475322312278,4.217818146149796
R_FACOAL140,R_FACOAL140,15.322401233950368,15.333860504003477
R_FACOAL140_ISO,R_FACOAL140_ISO,15.328366519940001,15.32789307993956
R_FACOAL150_ISO,R_FACOAL150_ISO,15.332864929273418,15.32339612926462
R_PPAKr,R_PPAKr,4.684894210752582,4.265571801709585
R_ACOAD3,R_ACOAD3,7.156429284063147,7.196660873645495
R_ACOAD4_1,R_ACOAD4_1,7.156429284063147,7.196660873645495
R_ACOAD5_1,R_ACOAD5_1,7.156429284063147,7.196660873645495
R_ACOAD6,R_ACOAD6,7.156429284063147,7.196660873645495
R_ACOAD7,R_ACOAD7,7.162853917723854,7.190205917251773
R_DADNK,R_DADNK,3.6584933509082713,4.13317848295905
R_CSNt2,R_CSNt2,3.230745211259909,3.2307452111685433
R_INSt2,R_INSt2,3.2307452112624575,3.2307452111659947
R_DHAD3,R_DHAD3,4.8531372081001445,4.998028897505475
R_CELBpts,R_CELBpts,4.4246205760075865,4.288428612647175
R_MSO3abc,R_MSO3abc,4.355992364368796,4.355992364327267
R_ISTNTabc,R_ISTNTabc,4.35599236437906,4.355992364317004
R_CTBTabc,R_CTBTabc,4.355992364364698,4.355992364331366
R_CHLabc,R_CHLabc,4.355992364373031,4.355992364323032
R_CITt15,R_CITt15,3.503710446596681,3.280634940950478
R_CHOLSabc_1,R_CHOLSabc_1,4.355992364364698,4.355992364331366
R_ECTOINEabc,R_ECTOINEabc,4.355992364364698,4.355992364331366
R_ITCY,R_ITCY,4.474330239365691,4.567078817869572
R_PROLBabc,R_PROLBabc,4.355992364364698,4.355992364331366
R_GLCpts,R_GLCpts,4.295279011279925,4.417563894785081
R_MANpts,R_MANpts,4.355992364390348,4.355992364305715
R_MNLpts,R_MNLpts,4.355992364388624,4.355992364307439
R_DIPEPabc10,R_DIPEPabc10,4.355992364364698,4.355992364331366
R_DIPEPabc11,R_DIPEPabc11,4.355992364395283,4.355992364300779
R_SUCpts,R_SUCpts,4.355992364394578,4.355992364301485
R_TREpts,R_TREpts,4.355992364394615,4.355992364301449
R_FERRICHabc,R_FERRICHabc,4.355992364364698,4.355992364331366
R_GPDDA2,R_GPDDA2,3.486248723868495,3.486248723868495
R_HACD3,R_HACD3,3.705757443796119,3.665525854213771
R_HACD4,R_HACD4,3.7057574437961196,3.6655258542137714
R_HACD5,R_HACD5,3.7057574437961187,3.6655258542137714
R_HACD6,R_HACD6,3.7057574437961187,3.6655258542137714
R_HACD7,R_HACD7,3.699288127029843,3.671936127501924
R_HACD9,R_HACD9,3.5691906048002946,3.805778739137939
R_HACOADr,R_HACOADr,3.649065112653316,3.722473921492432
R_ICHORS,R_ICHORS,8.365811986701951,8.365753466701952
R_INSCR,R_INSCR,4.355992364388285,4.355992364307777
R_FACOAL161_ISO,R_FACOAL161_ISO,15.32812979811189,15.32812979811189
R_FACOAL170_ISO,R_FACOAL170_ISO,15.32978692768018,15.3264728476771
R_FACOAL170_anteiso,R_FACOAL170_anteiso,15.332154566376666,15.324106086369186
R_FACOAL171_ISO,R_FACOAL171_ISO,15.32812979811189,15.32812979811189
R_FACOAL171_anteiso,R_FACOAL171_anteiso,15.32812979811189,15.32812979811189
R_FACOAL180_2,R_FACOAL180_2,15.328839974563587,15.327419654562268
R_FACOAL181,R_FACOAL181,15.328129798111892,15.328129798111892
R_KAS13,R_KAS13,4.356702582237593,4.355282262236273
R_KAS17,R_KAS17,4.355992364348031,4.355992364348031
R_FACOAL150_anteiso,R_FACOAL150_anteiso,15.336180391163385,15.320083431148426
R_FACOAL160,R_FACOAL160,15.316825170057196,15.339442769580716
R_FACOAL160_ISO,R_FACOAL160_ISO,15.329313443810314,15.326946243808115
R_FACOAL161,R_FACOAL161,15.32812979811189,15.32812979811189
R_KAS2,R_KAS2,4.35026649754472,4.361725767597828
R_KAS3,R_KAS3,4.360729337191741,4.351260537182942
R_KAS4,R_KAS4,4.364048279856968,4.347951319842009
R_KAS5,R_KAS5,4.355992364348031,4.355992364348031
R_KAS6,R_KAS6,4.357176125151633,4.354808925149433
R_KAS7,R_KAS7,4.355992364348031,4.355992364348031
R_KAS8,R_KAS8,4.344698244219047,4.367315843742566
R_KAS9,R_KAS9,4.355992364348031,4.355992364348031
R_KAS10,R_KAS10,4.355992364348031,4.355992364348031
R_KAS11,R_KAS11,4.357649719522469,4.354335639519388
R_PUNP7,R_PUNP7,8.416976447346114,8.50411288496832
R_PUNP8,R_PUNP8,8.46043248648383,8.46043248648383
R_PUNP1,R_PUNP1,8.51809242158115,8.403162858036273
R_PUNP2,R_PUNP2,8.524774604740221,8.396576000795296
R_KAS12,R_KAS12,4.360018463228325,4.3519699832208465
R_LAAL34,R_LAAL34,3.9845429597662223,3.984542959766222
R_LAAL35,R_LAAL35,3.9845429597220225,3.984542959810422
R_LAAL36,R_LAAL36,3.9845429597217015,3.984542959810743
R_LAAL37,R_LAAL37,3.9845429597662223,3.9845429597662223
R_LAAL38,R_LAAL38,3.9845429597662223,3.9845429597662223
R_LAAL39,R_LAAL39,3.9845429597662223,3.9845429597662223
R_PANTS,R_PANTS,4.361185084806882,4.361185084890912
R_LAAL4,R_LAAL4,3.984542959766222,3.984542959766222
R_LAAL40,R_LAAL40,3.984542959719059,3.984542959813385
R_LAAL41,R_LAAL41,3.9845429597662223,3.9845429597662223
R_LAAL42,R_LAAL42,3.9845429597662223,3.984542959766222
R_PAPPT3,R_PAPPT3,4.404871232569442,4.382471492569442
R_LAAL5,R_LAAL5,3.9845429597662223,3.9845429597662223
R_LAAL6,R_LAAL6,3.9845429597662223,3.9845429597662223
R_PC,R_PC,4.693939626834248,5.579050525307566
R_LAAL7,R_LAAL7,3.9845429597662223,3.9845429597662223
R_LAAL8,R_LAAL8,3.984542959766222,3.984542959766222
R_LAAL9,R_LAAL9,3.9845429597662223,3.9845429597662223
R_PBUTT,R_PBUTT,8.07148888160878,8.071488881677853
R_MLTG3,R_MLTG3,3.242111153115418,3.242111153115418
R_MLTG4,R_MLTG4,3.242111153115418,3.242111153115418
R_PDH,R_PDH,4.571017231138874,4.151082465626778
R_MLTG5,R_MLTG5,3.242111153115418,3.242111153115418
R_MLTG6,R_MLTG6,3.2421111532091937,3.2421111530216415
R_MLTG7,R_MLTG7,3.2421111531154176,3.2421111531154176
R_PFK_2,R_PFK_2,5.037434869129092,5.0374348690494815
R_TARTRDH2,R_TARTRDH2,3.777136107439445,3.777136107439445
R_PUNP3,R_PUNP3,8.427131955741556,8.493864607113807
R_PUNP4,R_PUNP4,8.44061255990533,8.480298953462897
R_PFK,R_PFK,4.815945393690555,5.269110836173903
R_METSRabc,R_METSRabc,4.355992364393959,4.355992364302105
R_PRAMPC_1,R_PRAMPC_1,4.344882014209301,4.630664162020633
R_PSP_L,R_PSP_L,4.367492880844884,4.538616657866321
R_PGAMT,R_PGAMT,4.530668504547523,4.602602784489201
R_TECA2S45,R_TECA2S45,4.356250541998613,4.3557342019986125
R_RNDR1,R_RNDR1,4.423129207414961,4.289874563566696
R_PGMT,R_PGMT,4.538900229419923,4.594255529007953
R_RNDR2,R_RNDR2,4.338099846465941,4.373958680023509
R_PGCD,R_PGCD,5.130347642140911,5.301471419247222
R_RNDR3,R_RNDR3,4.299962771864776,4.412752036462297
R_TECA3S45,R_TECA3S45,4.356192458943541,4.35579227894354
R_GND,R_GND,5.221524139783647,5.208898909110351
R_PGK,R_PGK,5.024768874958049,5.12351543788454
R_PGLYCP,R_PGLYCP,3.730976945532458,3.7309769454717743
R_PGM,R_PGM,5.166315124629307,5.058670374856873
R_PHCYT_BS,R_PHCYT_BS,4.522946571256468,4.506050571251825
